<?xml version="1.0" encoding="UTF-8"?>
<addon
  id="inputstream.adaptive"
  version="2.3.13"
  name="InputStream Adaptive"
  provider-name="peak3d">
  <requires>
<import addon="kodi.binary.global.main" version="1.0.13"/>
<import addon="kodi.binary.global.general" version="1.0.3"/>
<import addon="kodi.binary.global.filesystem" version="1.0.2"/>
<import addon="kodi.binary.instance.inputstream" version="2.0.8"/>
<import addon="kodi.binary.instance.videocodec" version="1.0.1"/></requires>
  <extension
    point="kodi.inputstream"
    name="adaptive"
    extension=""
    tags="true"
    listitemprops="license_type|license_key|license_data|license_flags|manifest_type|server_certificate|stream_headers|manifest_update_parameter|original_audio_language|media_renewal_url|max_bandwidth"
    library_windows="inputstream.adaptive.dll"/>
  <extension point="xbmc.addon.metadata">
    <summary lang="en">InputStream client for adaptive streams</summary>
    <description lang="en">InputStream client for adaptive streams</description>
    <platform>windows-x86_64</platform>
  </extension>
</addon>
