﻿<?xml version="1.0" encoding="UTF-8"?>
<addon id="skin.confluence" version="1.9.1" name="STREAMBOXIII MX3" provider-name="ZiiCreater">
<requires>
	<import addon="xbmc.gui" version="5.3.0"/>
	<import addon="service.skin.widgets" version="0.0.33"/>
	<import addon="script.globalsearch" version="8.0.0"/>
</requires>
<extension point="xbmc.gui.skin" debugging="false" effectslowdown="0.75">
	<res width="1920" height="1080" aspect="16:9" default="true" folder="1080i" />
</extension>
<extension point="xbmc.addon.metadata">
	<summary lang="en">Skin for STREAMBOXIII Mx3</summary>
    <description lang="en">Skin for STREAMBOXIII Mx3</description>
    <disclaimer lang="en">STREAMBOXIII! - check www.ziicreater.com for more info</disclaimer>
    <platform>all</platform>
    <license>GNU GENERAL PUBLIC LICENSE. Version 2, June 1991</license>
  </extension>
</addon>