<?xml version="1.0" encoding="UTF-8" standalone="yes"?>
<addon id="repository.ziicreater" name="STREAMBOXIII (ZiiCreater.com)" version="1.5.0" provider-name="ZiiCreater.com">
<requires>
	<import addon="xbmc.addon" version="12.0.0"/>
</requires>
<extension point="xbmc.addon.repository" name="STREAMBOXIII (ZiiCreater.com)">
		<info compressed="false">https://raw.githubusercontent.com/ziicreater/streamboxiii/master/addons.xml</info>
		<checksum>https://raw.githubusercontent.com/ziicreater/streamboxiii/master/addons.xml.md5</checksum>
		<datadir zip="true">https://raw.githubusercontent.com/ziicreater/streamboxiii/master/</datadir>
	</extension>
	<extension point="xbmc.addon.metadata">
		<summary>Official ZiiCreater Addons</summary>
		<description>Download and install addons for STREAMBOXIII</description>
		<platform>all</platform>
	</extension>
</addon>

