<?xml version="1.0" encoding="UTF-8"?>
<addon id="skin.streamboxiii.mx3" version="1.8.1" name="STREAMBOXIII MX3" provider-name="ZiiCreater.com">
    <requires>
        <import addon="xbmc.gui" version="5.3.0"/>
        <import addon="service.skin.widgets" version="0.0.27"/>
        <import addon="script.globalsearch" version="2.0.8"/>
    </requires>
    <extension point="xbmc.gui.skin" debugging="false">
        <res width="1920" height="1080" aspect="16:9" default="true" folder="1080i" />
    </extension>
    <extension point="xbmc.addon.metadata">
<summary></summary>
<description>Skin for STREAMBOXIII Mx3</description>
    <platform>all</platform>
	<language>nl</language>     
    <disclaimer>STREAMBOXIII! - check www.ziicreater.com for more info</disclaimer>
    </extension>
</addon>
