<?xml version="1.0" encoding="UTF-8"?>
<addon id="plugin.video.bvnlive" version="0.0.1" name="BVN Live" provider-name="ZiiCreater">
<requires>
  <import addon="xbmc.python" version="2.14.0"/>
</requires>
<extension point="xbmc.python.pluginsource" library="main.py">
  <provides>video</provides>
</extension>
<extension point="xbmc.addon.metadata">
  <summary lang="en">BVN Live Video Plugin</summary>
  <description lang="en">..</description>
  <disclaimer lang="en">.</disclaimer>
</extension>
</addon>
