<?xml version="1.0" encoding="UTF-8" standalone="yes"?>
<addon id="script.module.pycryptodome"
       name="PyCryptodome"
       version="3.4.3"
       provider-name="Legrandin">
  <requires>
    <import addon="xbmc.python" version="2.14.0"/>
  </requires>
  <extension point="xbmc.python.module"
             library="lib" />
  <extension point="xbmc.addon.metadata">
    <summary>Cryptographic library for Python</summary>
    <source> http://www.pycryptodome.org</source>
    <platform>all</platform>
    <license>Public domain</license>
  </extension>
</addon>
