{
  "channels": [
    {
      "guid": "9EC8F612-2EA4-11DE-867C-B84656D89593",
      "name": "TV3 Play (Sverige)",
      "description": "Sändningar från TV3Play.se",
      "icon": "tv3selarge.png",
      "category": "National",
      "channelcode": "se3",
      "sortorder": 3,
      "language": "se",
      "fanart": "tv3sefanart.png",
      "localIPSupported": true
    },
    {
      "guid": "FB34E1F0-2930-11DE-A339-255856D89593",
      "name": "TV6 Play (Sverige)",
      "description": "Sändningar från TV6Play.se",
      "icon": "tv6large.png",
      "category": "National",
      "channelcode": "se6",
      "sortorder": 6,
      "language": "se",
      "fanart": "tv6viasatfanart.png",
      "localIPSupported": true
    },
    {
      "guid": "BDC1A5C5-2777-4D05-BB5B-742A88B89CC5",
      "name": "TV8 Play (Sverige)",
      "description": "Sändningar från TV8Play.se",
      "icon": "tv8selarge.png",
      "category": "National",
      "channelcode": "se8",
      "sortorder": 8,
      "language": "se",
      "fanart": "tv8sefanart.jpg",
      "localIPSupported": true
    },
    {
      "guid": "584E7420-2867-11E3-AA01-F2806188709B",
      "name": "TV10 Play",
      "description": "Sändningar från TV10Play.se",
      "icon": "tv10selarge.png",
      "category": "National",
      "channelcode": "se10",
      "sortorder": 10,
      "language": "se",
      "fanart": "tv10sefanart.png",
      "localIPSupported": true
    },
    {
      "guid": "FF998410-CAD5-4FDC-9E48-E28BC4E51BC4",
      "name": "ViaFree.se",
      "description": "Sändningar från ViaFree.se",
      "icon": "viafreese.png",
      "category": "National",
      "channelcode": "viafreese",
      "sortorder": 10,
      "language": "se",
      "fanart": "viafreesefanart.png",
      "localIPSupported": true
    },
    {
      "guid": "89673FF0-5EF3-11E0-8CC9-494DDFD72085",
      "name": "TV3 Play (Norge)",
      "description": "Sendninger fra TV3Play.no",
      "icon": "tv3nolarge.png",
      "category": "National",
      "channelcode": "no3",
      "sortorder": 3,
      "language": "no",
      "fanart": "tv3fanart.jpg",
      "localIPSupported": true
    },
    {
      "guid": "90DD5C88-5EF3-11E0-93A2-4D4DDFD72085",
      "name": "Viasat4 (Norge)",
      "description": "Sendninger fra Viasat4.no",
      "icon": "viasat4nolarge.png",
      "category": "National",
      "channelcode": "no4",
      "sortorder": 4,
      "language": "no",
      "fanart": "viasat4fanart.jpg",
      "localIPSupported": true
    },
    {
      "guid": "3CD2662C-3C7A-4217-8375-079B2D850F27",
      "name": "TV6 Play (Norge)",
      "description": "Sendninger fra tv6play.no",
      "icon": "tv6large.png",
      "category": "National",
      "channelcode": "no6",
      "sortorder": 6,
      "language": "no",
      "fanart": "tv6viasatfanart.png",
      "localIPSupported": true
    }
  ],
  "settings": [
  ]
}