<?xml version="1.0" encoding="UTF-8"?>
<window id="1121">
    <defaultcontrol always="true">9000</defaultcontrol>
    <include>DialogOpenClose</include>
    <backgroundcolor>background</backgroundcolor>
    <controls>
        <include>BlackBackground</include>
		<previouswindow>Home</previouswindow>		
		<control type="grouplist" id="9000">
      		<description>Row 1</description>
      		<posx>40</posx>
      		<posy>40</posy>
      		<width>1840</width>
      		<height>376</height>
		  	<scrolltime tween="sine" easing="out">200</scrolltime>
		  	<orientation>horizontal</orientation>
		  	<usecontrolcoords>false</usecontrolcoords>
		  	<visible>true</visible>
			<itemgap>40</itemgap>
			
				<control type="button" id="1">
      				<description>Airplay</description>
      				<posx>0</posx>
				  	<posy>0</posy>
				  	<width>336</width>
				  	<height>210</height>
				  	<visible>true</visible>
				  	<colordiffuse>FFFFFFFF</colordiffuse>
				  	<texturefocus>images/buttons/apps/airplay_button.jpg</texturefocus>
				  	<texturenofocus>images/buttons/apps/airplay_button.jpg</texturenofocus>
				  	<label></label>
				  	<font>font12</font>
				  	<textcolor>FFFFFFFF</textcolor>
				  	<disabledcolor>FFFFFFFF</disabledcolor>
				  	<align></align>
				  	<aligny></aligny>
				  	<textoffsetx>17</textoffsetx>
				  	<textoffsety>176</textoffsety>
				  	<pulseonselect></pulseonselect>
				  	<onclick>XBMC.ActivateWindow(MyVideos)</onclick>
				  	<onfocus>-</onfocus>
					<onup>6</onup>
		  			<ondown>6</ondown>
		  			<onleft>5</onleft>
		  			<onright>2</onright>
				</control>
				
				<control type="button" id="2">
      				<description>Hulu</description>
      				<posx>0</posx>
					<posy>0</posy>
				  	<width>336</width>
				  	<height>210</height>
				  	<visible>true</visible>
				  	<colordiffuse>FFFFFFFF</colordiffuse>
				  	<texturefocus>images/buttons/apps/hulu_button.jpg</texturefocus>
				  	<texturenofocus>images/buttons/apps/hulu_button.jpg</texturenofocus>
				  	<label></label>
				  	<font>font12</font>
				  	<textcolor>FFFFFFFF</textcolor>
				  	<disabledcolor>FFFFFFFF</disabledcolor>
				  	<align></align>
				  	<aligny></aligny>
				  	<textoffsetx>17</textoffsetx>
				  	<textoffsety>176</textoffsety>
				  	<pulseonselect></pulseonselect>
				  	<onclick>XBMC.ActivateWindow(MyVideos)</onclick>
				  	<onfocus>-</onfocus>
					<onup>7</onup>
		  			<ondown>7</ondown>
		  			<onleft>1</onleft>
		  			<onright>3</onright>
				</control>
		</control>
		 <control type="image">
        <posy>1030</posy>
        <width>1920</width>
        <height>50</height>
       <texture>images/bottom.png</texture>
       </control>
    </controls>
</window>
