<?xml version="1.0" encoding="UTF-8"?>
<window id="1122">
    <defaultcontrol always="true">9000</defaultcontrol>
    <include>DialogOpenClose</include>
    <backgroundcolor>background</backgroundcolor>
    <controls>
        <include>BlackBackground</include>
		<previouswindow>Home</previouswindow>
		
			<control type="grouplist" id="9000">
      		<description>Row 1</description>
      		<posx>40</posx>
      		<posy>40</posy>
      		<width>1840</width>
      		<height>376</height>
		  	<scrolltime tween="sine" easing="out">200</scrolltime>
		  	<orientation>horizontal</orientation>
		  	<usecontrolcoords>false</usecontrolcoords>
		  	<visible>true</visible>
			<itemgap>40</itemgap>
			
				<control type="button" id="1">
      				<description>Jan Lul Streams</description>
      				<posx>0</posx>
				  	<posy>0</posy>
				  	<width>336</width>
				  	<height>210</height>
				  	<visible>true</visible>
				  	<colordiffuse>FFFFFFFF</colordiffuse>
				  	<texturefocus>images/buttons/sport/janlulstreams_button.jpg</texturefocus>
				  	<texturenofocus>images/buttons/sport/janlulstreams_button.jpg</texturenofocus>
				  	<label>JanLul (Offline)</label>
				  	<font>font12</font>
				  	<textcolor>red</textcolor>
				  	<disabledcolor>FFFFFFFF</disabledcolor>
				  	<align></align>
				  	<aligny></aligny>
				  	<textoffsetx>17</textoffsetx>
				  	<textoffsety>176</textoffsety>
				  	<pulseonselect></pulseonselect>
				  	<onfocus>-</onfocus>
					<onup>6</onup>
		  			<ondown>6</ondown>
		  			<onleft>5</onleft>
		  			<onright>2</onright>
				</control>
				
				<control type="button" id="2">
      				<description>DazSports Streams</description>
      				<posx>0</posx>
				  	<posy>0</posy>
				  	<width>336</width>
				  	<height>210</height>
				  	<visible>true</visible>
				  	<colordiffuse>FFFFFFFF</colordiffuse>
				  	<texturefocus>images/buttons/sport/dazsportsstreams_button.jpg</texturefocus>
				  	<texturenofocus>images/buttons/sport/dazsportsstreams_button.jpg</texturenofocus>
				  	<label>DazSports Streams</label>
				  	<font>font12</font>
				  	<textcolor>FFFFFFFF</textcolor>
				  	<disabledcolor>FFFFFFFF</disabledcolor>
				  	<align></align>
				  	<aligny></aligny>
				  	<textoffsetx>17</textoffsetx>
				  	<textoffsety>176</textoffsety>
				  	<pulseonselect></pulseonselect>
				  	<onclick>ActivateWindow(10025,&quot;plugin://plugin.video.nlsports/?site=daz&quot;,return)</onclick>
				  	<onfocus>-</onfocus>
					<onup>7</onup>
		  			<ondown>7</ondown>
		  			<onleft>1</onleft>
		  			<onright>3</onright>
				</control>
				
				<control type="button" id="3">
      				<description>STV Streams</description>
      				<posx>0</posx>
				  	<posy>0</posy>
				  	<width>336</width>
				  	<height>210</height>
				  	<visible>true</visible>
				  	<colordiffuse>FFFFFFFF</colordiffuse>
				  	<texturefocus>images/buttons/sport/stvstreams_button.jpg</texturefocus>
				  	<texturenofocus>images/buttons/sport/stvstreams_button.jpg</texturenofocus>
				  	<label>STV Streams</label>
				  	<font>font12</font>
				  	<textcolor>FFFFFFFF</textcolor>
				  	<disabledcolor>FFFFFFFF</disabledcolor>
				  	<align></align>
				  	<aligny></aligny>
				  	<textoffsetx>17</textoffsetx>
				  	<textoffsety>176</textoffsety>
				  	<pulseonselect></pulseonselect>
				  	<onclick>ActivateWindow(10025,&quot;plugin://plugin.video.nlsports/?site=stv&quot;,return)</onclick>
				  	<onfocus>-</onfocus>
					<onup>8</onup>
		  			<ondown>8</ondown>
		  			<onleft>2</onleft>
		  			<onright>4</onright>
				</control>
				
				<control type="button" id="4">
      				<description>13th Stream</description>
      				<posx>0</posx>
				  	<posy>0</posy>
				  	<width>336</width>
				  	<height>210</height>
				  	<visible>true</visible>
				  	<colordiffuse>FFFFFFFF</colordiffuse>
				  	<texturefocus>images/buttons/sport/13thstreams_button.jpg</texturefocus>
				  	<texturenofocus>images/buttons/sport/13thstreams_button.jpg</texturenofocus>
				  	<label>13th Streams</label>
				  	<font>font12</font>
				  	<textcolor>FFFFFFFF</textcolor>
				  	<disabledcolor>FFFFFFFF</disabledcolor>
				  	<align></align>
				  	<aligny></aligny>
				  	<textoffsetx>17</textoffsetx>
				  	<textoffsety>176</textoffsety>
				  	<pulseonselect></pulseonselect>
				  	<onclick>ActivateWindow(10025,&quot;plugin://plugin.video.nlsports/?site=13stream&quot;,return)</onclick>
				  	<onfocus>-</onfocus>
					<onup>9</onup>
		  			<ondown>9</ondown>
		  			<onleft>3</onleft>
		  			<onright>5</onright>
				</control>
				
				<control type="button" id="5">
      				<description>BVLS Streams</description>
      				<posx>0</posx>
				  	<posy>0</posy>
				  	<width>336</width>
				  	<height>210</height>
				  	<visible>true</visible>
				  	<colordiffuse>FFFFFFFF</colordiffuse>
				  	<texturefocus>images/buttons/sport/bvlsstreams_button.jpg</texturefocus>
				  	<texturenofocus>images/buttons/sport/bvlsstreams_button.jpg</texturenofocus>
				  	<label>BVLS Streams</label>
				  	<font>font12</font>
				  	<textcolor>FFFFFFFF</textcolor>
				  	<disabledcolor>FFFFFFFF</disabledcolor>
				  	<align></align>
				  	<aligny></aligny>
				  	<textoffsetx>17</textoffsetx>
				  	<textoffsety>176</textoffsety>
				  	<pulseonselect></pulseonselect>
				  	<onclick>ActivateWindow(10025,&quot;plugin://plugin.video.nlsports/?site=bvls&quot;,return)</onclick>
				  	<onfocus>-</onfocus>
					<onup>9</onup>
		  			<ondown>9</ondown>
		  			<onleft>4</onleft>
		  			<onright>1</onright>
				</control>
</control>

<control type="grouplist" id="9000">
      		<description>Row 1</description>
      		<posx>40</posx>
      		<posy>296</posy>
      		<width>1840</width>
      		<height>376</height>
		  	<scrolltime tween="sine" easing="out">200</scrolltime>
		  	<orientation>horizontal</orientation>
		  	<usecontrolcoords>false</usecontrolcoords>
		  	<visible>true</visible>
			<itemgap>40</itemgap>
				
				<control type="button" id="6">
      				<description>Sports Devil</description>
      				<posx>0</posx>
				  	<posy>0</posy>
				  	<width>336</width>
				  	<height>210</height>
				  	<visible>true</visible>
				  	<colordiffuse>FFFFFFFF</colordiffuse>
				  	<texturefocus>images/buttons/sport/sportsdevil_button.jpg</texturefocus>
				  	<texturenofocus>images/buttons/sport/sportsdevil_button.jpg</texturenofocus>
				  	<label>Sports Devil</label>
				  	<font>font12</font>
				  	<textcolor>FFFFFFFF</textcolor>
				  	<disabledcolor>FFFFFFFF</disabledcolor>
				  	<align></align>
				  	<aligny></aligny>
				  	<textoffsetx>17</textoffsetx>
				  	<textoffsety>176</textoffsety>
				  	<pulseonselect></pulseonselect>
				  	<onclick>ActivateWindow(10025,&quot;plugin://plugin.video.SportsDevil&quot;,return)</onclick>
				  	<onfocus>-</onfocus>
					<onup>1</onup>
		  			<ondown>1</ondown>
		  			<onleft>7</onleft>
		  			<onright>7</onright>
				</control>
				
				<control type="button" id="7">
      				<description>Football Highlights</description>
      				<posx>0</posx>
				  	<posy>0</posy>
				  	<width>336</width>
				  	<height>210</height>
				  	<visible>true</visible>
				  	<colordiffuse>FFFFFFFF</colordiffuse>
				  	<texturefocus>images/buttons/sport/highlights_button.jpg</texturefocus>
				  	<texturenofocus>images/buttons/sport/highlights_button.jpg</texturenofocus>
				  	<label>Football Highlights</label>
				  	<font>font12</font>
				  	<textcolor>FFFFFFFF</textcolor>
				  	<disabledcolor>FFFFFFFF</disabledcolor>
				  	<align></align>
				  	<aligny></aligny>
				  	<textoffsetx>17</textoffsetx>
				  	<textoffsety>176</textoffsety>
				  	<pulseonselect></pulseonselect>
				  	<onclick>ActivateWindow(10025,&quot;plugin://plugin.video.highlights&quot;,return)</onclick>
				  	<onfocus>-</onfocus>
					<onup>1</onup>
		  			<ondown>1</ondown>
		  			<onleft>6</onleft>
		  			<onright>6</onright>
				</control>
</control>
		
		 <control type="image">
        <posy>1030</posy>
        <width>1920</width>
        <height>50</height>
       <texture>images/bottom.png</texture>
       </control>
    </controls>
</window>
