<?xml version="1.0" encoding="UTF-8"?>
<window type="dialog" id="1113">
    <defaultcontrol always="true">9000</defaultcontrol>
    <include>DialogOpenClose</include>
    <controls>
	
	<control type="group">
    	<visible allowhiddenfocus="true">ControlGroup(9000).HasFocus()</visible>
        <include>DialogOpenCloseVisible</include>
        
		<control type="image" description="List back">
        	<posx>540</posx>
        	<top>210</top>
        	<width>840</width>
        	<height>650</height>
        	<aspectratio>stretch</aspectratio>
        	<texture border="150">images/Dialog.png</texture>
        </control>
        
		<control type="grouplist" id="9000">
        	<include>DialogGLs</include>
          
			<control type="button" id="700">
            	<include>DialogButt</include>
            	<label>USB Storage</label>
            	<onclick>Close</onclick>
           		<onclick>noop</onclick>
         	</control>
         
			<control type="button" id="701">
         		<include>DialogButt</include>
         		<label>DVD Player</label>
          		<onclick>Close</onclick>
	  			<onclick>noop</onclick>
			</control>
     	</control>
    	</control>
    </controls>
</window>
