<?xml version="1.0" encoding="UTF-8"?>
<window type="dialog" id="1118">
    <defaultcontrol always="true">9000</defaultcontrol>
    <include>DialogOpenClose</include>
    <controls>
        <control type="group">
            <visible allowhiddenfocus="true">ControlGroup(9000).HasFocus()</visible>
            <include>DialogOpenCloseVisible</include>
            <control type="image" description="List back">
                <posx>540</posx>
                <top>250</top>
                <width>840</width>
                <height>580</height>
                <aspectratio>stretch</aspectratio>
                <texture border="150">images/Dialog.png</texture>
            </control>
  <control type="grouplist" id="9000">
        <include>DialogGLs</include>
        <control type="button" id="699">
          <include>DialogButt</include>
          <label>1037</label>
          <onclick>Close</onclick>
          <onclick>ActivateWindow(Videos,Addons)</onclick>
        </control>
        <control type="button" id="700">
          <include>DialogButt</include>
          <label>1038</label>
          <onclick>Close</onclick>
          <onclick>ActivateWindow(Music,Addons)</onclick>
        </control>


<control type="button" id="701">
          <include>DialogButt</include>






          <label>Programma's</label>
          <onclick>Close</onclick>
          <onclick>ActivateWindow(Programs,Addons)</onclick>
        </control>

        <control type="button" id="702">
          <include>DialogButt</include>
          <label>31037</label>
          <onclick>Close</onclick>
          <onclick>ActivateWindow(AddonBrowser,root)</onclick>
        </control>
  
      </control>
    </control>
  </controls>
</window>

