<?xml version="1.0" encoding="UTF-8"?>
<window type="dialog" id="1114">
    <defaultcontrol always="true">9000</defaultcontrol>
    <include>DialogOpenClose</include>
    <controls>
        <control type="group" description="back">
            <control type="image">
                <posx>444</posx>
                <top>105</top>
                <width>1023</width>
                <height>862</height>
                <texture border="150">images/Dialog.png</texture>
            </control>
            <control type="label" description="Dialog heading">
                <posx>615</posx>
                <top>281</top>
                <width>690</width>
                <height>52</height>
                <label>[B]$LOCALIZE[13008][/B]</label>
                <align>center</align>
                <aligny>center</aligny>
                <font>size36</font>
                <textcolor>White</textcolor>
            </control>
            <control type="group">
                <posx>697</posx>
                <top>366</top>
                <control type="grouplist" id="9000">
                    <width>525</width>
                    <height>450</height>
                    <onleft>noop</onleft>
                    <onright>noop</onright>
                    <onup>9000</onup>
                    <ondown>9000</ondown>
                    <itemgap>0</itemgap>
                    <font>size33</font>
                    <scrolltime>260</scrolltime>
                    <defaultcontrol always="true">701</defaultcontrol>
                    <control type="radiobutton" id="701" description="Quit">
                        <width>525</width>
                        <label>31050</label>
                        <onclick>Skin.Reset(shutdown)</onclick>
                        <onclick>Skin.Reset(quitter)</onclick>
                        <onclick>Close</onclick>
                        <selected>IsEmpty(Skin.String(shutdown))</selected>
                    </control>
                    
                    <control type="radiobutton" id="705" description="Reboot">
                        <width>525</width>
                        <enable>System.CanReboot</enable>
                        <label>$LOCALIZE[13013]</label>
                        <onclick>Skin.SetString(shutdown,reboot)</onclick>
                        <onclick condition="!Skin.HasSetting(quitter)">Skin.ToggleSetting(quitter)</onclick>
                        <onclick>Close</onclick>
                        <selected>StringCompare(Skin.String(shutdown),reboot)</selected>
                    </control>
                    
                </control>
            </control>
        </control>
    </controls>
</window>
