<?xml version="1.0" encoding="UTF-8"?>
<window id="1117">
    <defaultcontrol always="true">50</defaultcontrol>
    <backgroundcolor>background</backgroundcolor>
    <include>OpenClose</include>
    <controls>
        <control type="label" description="Heading">
            <posx>60r</posx>
            <top>40</top>
            <width>720</width>
            <height>55</height>
            <font>size42B</font>
            <align>right</align>
            <textcolor>White</textcolor>
            <label>31052</label>
        </control>
        <control type="group">
            <control type="image" description="Line bottom">
                <top>490</top>
                <width>1920</width>
                <height>1</height>
                <texture>lines/Line1.png</texture>
            </control>
            <control type="group">
                <control type="panel" id="50">
                    <width>1800</width>
                    <height>600</height>
                    <top>518</top>
                    <posx>60</posx>
                    <onleft>50</onleft>
                    <onright>50</onright>
                    <onup>520</onup>
                    <ondown>noop</ondown>
                    <scrolltime tween="sine" easing="inout">280</scrolltime>
                    <itemlayout height="245" width="300">
                        <control type="image" description="THMBSBASE">
                            <posx>20</posx>
                            <top>48</top>
                            <width>260</width>
                            <height>183</height>
                            <colordiffuse>FF555555</colordiffuse>
                            <texture>icons/base.png</texture>
                        </control>
                        <control type="Image" description="THUMB">
                            <visible>!IsEmpty(Listitem.thumb)</visible>
                            <posx>20</posx>
                            <top>48</top>
                            <height>183</height>
                            <width>260</width>
                            <texture diffuse="images/diffusehome.png">$INFO[ListItem.thumb]</texture>
                            <aspectratio>stretch</aspectratio>
                        </control>
                        <control type="Image" description="THUMB">
                            <visible>IsEmpty(Listitem.thumb)</visible>
                            <posx>20</posx>
                            <top>48</top>
                            <height>183</height>
                            <width>260</width>
                            <texture diffuse="images/diffusehome.png">$INFO[ListItem.label2]</texture>
                            <aspectratio>stretch</aspectratio>
                        </control>
                        <control type="label" description="Main Label">
                            <posx>150</posx>
                            <top>235</top>
                            <width>300</width>
                            <height>24</height>
                            <align>center</align>
                            <label>$INFO[ListItem.Label]</label>
                        </control>
                    </itemlayout>
                    <focusedlayout  height="245" width="370">
                        <control type="image" description="THMBSBASE">
                            <posx>20</posx>
                            <top>48</top>
                            <width>260</width>
                            <height>183</height>
                            <colordiffuse>FF666666</colordiffuse>
                            <texture>icons/base.png</texture>
                        </control>
                        <control type="Image" description="THUMB">
                            <visible>!IsEmpty(Listitem.thumb)</visible>
                            <posx>20</posx>
                            <top>48</top>
                            <height>183</height>
                            <width>260</width>
                            <texture diffuse="images/diffusehome.png">$INFO[ListItem.thumb]</texture>
                            <aspectratio>stretch</aspectratio>
                        </control>
                        <control type="Image" description="THUMB">
                            <visible>IsEmpty(Listitem.thumb)</visible>
                            <posx>20</posx>
                            <top>48</top>
                            <height>183</height>
                            <width>260</width>
                            <texture diffuse="images/diffusehome.png">$INFO[ListItem.label2]</texture>
                            <aspectratio>stretch</aspectratio>
                        </control>
                        <control type="image" description="Selection Overlay">
                            <posx>20</posx>
                            <top>48</top>
                            <height>183</height>
                            <width>260</width>
                            <texture>images/atvslider.png</texture>
                            <aspectratio>stretch</aspectratio>
                        </control>
                        <control type="label" description="Main Label">
                            <posx>150</posx>
                            <top>235</top>
                            <width>300</width>
                            <height>24</height>
                            <align>center</align>
                            <label>$INFO[ListItem.Label]</label>
                        </control>
                    </focusedlayout>
                    <content>
                     
                  
                              <item id="1006" description="Weather">
                            <visible>!Skin.HasSetting(hidewtr)</visible>
                            <thumb>weathershelf/30.png</thumb>
                            <label>$LOCALIZE[8]</label>
                            <onclick>Skin.ToggleSetting(hidewtr)</onclick>
                        </item>
                        <item id="1006" description="Weather">
                            <visible>Skin.HasSetting(hidewtr)</visible>
                            <thumb>help/Off.png</thumb>
                            <label>$LOCALIZE[8]</label>
                            <onclick>Skin.ToggleSetting(hidewtr)</onclick>
                        </item>


                     
                        <item id="601" description="HomeFav">
                            <visible>!IsEmpty(Skin.String(HomeFav.1.Label))</visible>
                            <label>$INFO[Skin.String(HomeFav.1.Label)]</label>
                            <label2>+ $LOCALIZE[1036]</label2>
                            <thumb>$INFO[Skin.String(HomeFav.1.Icon)]</thumb>
                            <onclick>SetFocus(9000)</onclick>
                        </item>
                        <item id="601" description="HomeFav">
                            <visible>IsEmpty(Skin.String(HomeFav.1.Label))</visible>
                            <thumb>DefaultFavourite.png</thumb>
                            <label>+ $LOCALIZE[1036]</label>
                            <onclick>RunScript(script.favourites,property=HomeFav.1)</onclick>
                        </item>
                        <item id="602" description="HomeFav">
                            <visible>!IsEmpty(Skin.String(HomeFav.2.Label))</visible>
                            <label>$INFO[Skin.String(HomeFav.2.Label)]</label>
                            <label2>+ $LOCALIZE[1036]</label2>
                            <thumb>$INFO[Skin.String(HomeFav.2.Icon)]</thumb>
                            <onclick>SetFocus(9000)</onclick>
                        </item>
                        <item id="602" description="HomeFav">
                            <visible>IsEmpty(Skin.String(HomeFav.2.Label))</visible>
                            <thumb>DefaultFavourite.png</thumb>
                            <label>+ $LOCALIZE[1036]</label>
                            <onclick>RunScript(script.favourites,property=HomeFav.2)</onclick>
                        </item>
                        <item id="603" description="HomeFav">
                            <visible>!IsEmpty(Skin.String(HomeFav.3.Label))</visible>
                            <label>$INFO[Skin.String(HomeFav.3.Label)]</label>
                            <label2>+ $LOCALIZE[1036]</label2>
                            <thumb>$INFO[Skin.String(HomeFav.3.Icon)]</thumb>
                            <onclick>SetFocus(9000)</onclick>
                        </item>
                        <item id="603" description="HomeFav">
                            <visible>IsEmpty(Skin.String(HomeFav.3.Label))</visible>
                            <thumb>DefaultFavourite.png</thumb>
                            <label>+ $LOCALIZE[1036]</label>
                            <onclick>RunScript(script.favourites,property=HomeFav.3)</onclick>
                        </item>
                        <item id="604" description="HomeFav">
                            <visible>!IsEmpty(Skin.String(HomeFav.4.Label))</visible>
                            <label>$INFO[Skin.String(HomeFav.4.Label)]</label>
                            <label2>+ $LOCALIZE[1036]</label2>
                            <thumb>$INFO[Skin.String(HomeFav.4.Icon)]</thumb>
                            <onclick>SetFocus(9000)</onclick>
                        </item>
                        <item id="604" description="HomeFav">
                            <visible>IsEmpty(Skin.String(HomeFav.4.Label))</visible>
                            <thumb>DefaultFavourite.png</thumb>
                            <label>+ $LOCALIZE[1036]</label>
                            <onclick>RunScript(script.favourites,property=HomeFav.4)</onclick>
                        </item>
                        <item id="605" description="HomeFav">
                            <visible>!IsEmpty(Skin.String(HomeFav.5.Label))</visible>
                            <label>$INFO[Skin.String(HomeFav.5.Label)]</label>
                            <label2>+ $LOCALIZE[1036]</label2>
                            <thumb>$INFO[Skin.String(HomeFav.5.Icon)]</thumb>
                            <onclick>SetFocus(9000)</onclick>
                        </item>
                        <item id="605" description="HomeFav">
                            <visible>IsEmpty(Skin.String(HomeFav.5.Label))</visible>
                            <thumb>DefaultFavourite.png</thumb>
                            <label>+ $LOCALIZE[1036]</label>
                            <onclick>RunScript(script.favourites,property=HomeFav.5)</onclick>
                        </item>
                        <item id="606" description="HomeFav">
                            <visible>!IsEmpty(Skin.String(HomeFav.6.Label))</visible>
                            <label>$INFO[Skin.String(HomeFav.6.Label)]</label>
                            <label2>+ $LOCALIZE[1036]</label2>
                            <thumb>$INFO[Skin.String(HomeFav.6.Icon)]</thumb>
                            <onclick>SetFocus(9000)</onclick>
                        </item>
                        <item id="606" description="HomeFav">
                            <visible>IsEmpty(Skin.String(HomeFav.6.Label))</visible>
                            <thumb>DefaultFavourite.png</thumb>
                            <label>+ $LOCALIZE[1036]</label>
                            <onclick>RunScript(script.favourites,property=HomeFav.6)</onclick>
                        </item>

                        <item id="607" description="HomeFav">
                            <visible>!IsEmpty(Skin.String(HomeFav.7.Label))</visible>
                            <label>$INFO[Skin.String(HomeFav.7.Label)]</label>
                            <label2>+ $LOCALIZE[1036]</label2>
                            <thumb>$INFO[Skin.String(HomeFav.7.Icon)]</thumb>
                            <onclick>SetFocus(9000)</onclick>
                        </item>
                        <item id="607" description="HomeFav">
                            <visible>IsEmpty(Skin.String(HomeFav.7.Label))</visible>
                            <thumb>DefaultFavourite.png</thumb>
                            <label>+ $LOCALIZE[1036]</label>
                            <onclick>RunScript(script.favourites,property=HomeFav.7)</onclick>
                        </item>
                        <item id="608" description="HomeFav">
                            <visible>!IsEmpty(Skin.String(HomeFav.8.Label))</visible>
                            <label>$INFO[Skin.String(HomeFav.8.Label)]</label>
                            <label2>+ $LOCALIZE[1036]</label2>
                            <thumb>$INFO[Skin.String(HomeFav.8.Icon)]</thumb>
                            <onclick>SetFocus(9000)</onclick>
                        </item>
                        <item id="608" description="HomeFav">
                            <visible>IsEmpty(Skin.String(HomeFav.8.Label))</visible>
                            <thumb>DefaultFavourite.png</thumb>
                            <label>+ $LOCALIZE[1036]</label>
                            <onclick>RunScript(script.favourites,property=HomeFav.8)</onclick>
                        </item>


                       <item id="609" description="HomeFav">
                            <visible>!IsEmpty(Skin.String(HomeFav.9.Label))</visible>
                            <label>$INFO[Skin.String(HomeFav.9.Label)]</label>
                            <label2>+ $LOCALIZE[1036]</label2>
                            <thumb>$INFO[Skin.String(HomeFav.9.Icon)]</thumb>
                            <onclick>SetFocus(9000)</onclick>
                        </item>
                        <item id="609" description="HomeFav">
                            <visible>IsEmpty(Skin.String(HomeFav.9.Label))</visible>
                            <thumb>DefaultFavourite.png</thumb>
                            <label>+ $LOCALIZE[1036]</label>
                            <onclick>RunScript(script.favourites,property=HomeFav.9)</onclick>
                        </item>
                        <item id="610" description="HomeFav">
                            <visible>!IsEmpty(Skin.String(HomeFav.10.Label))</visible>
                            <label>$INFO[Skin.String(HomeFav.10.Label)]</label>
                            <label2>+ $LOCALIZE[1036]</label2>
                            <thumb>$INFO[Skin.String(HomeFav.10.Icon)]</thumb>
                            <onclick>SetFocus(9000)</onclick>
                        </item>
                        <item id="610" description="HomeFav">
                            <visible>IsEmpty(Skin.String(HomeFav.10.Label))</visible>
                            <thumb>DefaultFavourite.png</thumb>
                            <label>+ $LOCALIZE[1036]</label>
                            <onclick>RunScript(script.favourites,property=HomeFav.10)</onclick>
                        </item>


                    


                      





                    </content>
                </control>
            </control>
        </control>
        <control type="grouplist" id="520" description="MOVIES">
            <top>60</top>
            <posx>60</posx>
            <ondown>50</ondown>
            <onright>50</onright>
            <visible>Library.HasContent(Movies)</visible>
            <visible>Container(50).HasFocus(1001)</visible>
            <control type="radiobutton" id="100" description="Auto">
                <include>SettingsSubmenuButtons</include>
                <label>20386</label>
                <selected>!Skin.HasSetting(MoviesShelfWL)</selected>
                <enable>!Skin.HasSetting(hidemovie)</enable>
                <onclick>Skin.Reset(MoviesShelfWL)</onclick>
            </control>
            <control type="radiobutton" id="103" description="Movie Watchlist">
                <include>SettingsSubmenuButtons</include>
                <label>$LOCALIZE[31048] $LOCALIZE[342]</label>
                <selected>Skin.HasSetting(MoviesShelfWL)</selected>
                <enable>!Skin.HasSetting(hidemovie)</enable>
                <onclick>Skin.ToggleSetting(MoviesShelfWL)</onclick>
            </control>
    

        </control>
        <control type="grouplist" id="520" description="TV">
            <top>60</top>
            <posx>60</posx>
            <ondown>50</ondown>
            <onright>50</onright>
            <visible>Library.HasContent(TVShows)</visible>
            <visible>Container(50).HasFocus(1002)</visible>
            <control type="radiobutton" id="200" description="TV Auto">
                <include>SettingsSubmenuButtons</include>
                <label>20387</label>
                <selected>!Skin.HasSetting(TVShelf_Watchlist)</selected>
                <enable>!Skin.HasSetting(hidetv)</enable>
                <onclick>Skin.Reset(TVShelf_Watchlist)</onclick>
            </control>
            <control type="radiobutton" id="203" description="TV Watchlist">
                <include>SettingsSubmenuButtons</include>
                <label>$LOCALIZE[31048] $LOCALIZE[20364]</label>
                <selected>Skin.HasSetting(TVShelf_Watchlist)</selected>
                <enable>!Skin.HasSetting(hidetv)</enable>
                <onclick>Skin.ToggleSetting(TVShelf_Watchlist)</onclick>
            </control>
            <control type="radiobutton" id="204" description="Intruder">
                <include>SettingsSubmenuButtons</include>
                <label>$LOCALIZE[31045]</label>
                <selected>!Skin.HasSetting(intruderTV)</selected>
                <enable>!Skin.HasSetting(hidetv)</enable>
                <onclick>Skin.ToggleSetting(intruderTV)</onclick>
            </control>
        </control>
      <control type="group" id="520" description="Music">
            <visible>Container(50).HasFocus(1003)</visible>
            <top>30</top>
            <posx>40</posx>
            <control type="radiobutton" id="300" description="Recent">










                <include>SettingsSubmenuButtons</include>
                <onup>50</onup>
                <ondown>303</ondown>
                <label>359</label>
                <selected>StringCompare(Skin.String(musicshelf),)</selected>
                <enable>!Skin.HasSetting(hidemusic) + [Library.HasContent(Music) | Library.HasContent(MusicVideos)]</enable>
                <onclick>Skin.Reset(MusicShelf_Custom)</onclick>
                <onclick condition="!StringCompare(Skin.String(musicshelf),)">Skin.SetString(musicshelf,)</onclick>
                <onclick condition="StringCompare(Skin.String(musicshelf),)">Skin.SetString(musicshelf,mushoff)</onclick>
            </control>
            <control type="radiobutton" id="303" description="Custom">
                <top>55</top>
                <onup>300</onup>
                <ondown>304</ondown>
                <include>SettingsSubmenuButtons</include>
                <label>31051</label>
                <selected>StringCompare(Skin.String(Musicshelf),custom)</selected>
                <enable>!Skin.HasSetting(hidemusic)</enable>
                <onclick>Skin.ToggleSetting(MusicShelf_Custom)</onclick>
                <onclick condition="Skin.HasSetting(MusicShelf_Custom)">Skin.Reset(MusicShelf_Custom)</onclick>
                <onclick condition="!StringCompare(Skin.String(musicshelf),custom)">Skin.SetString(musicshelf,custom)</onclick>
                <onclick condition="StringCompare(Skin.String(musicshelf),custom)">Skin.SetString(musicshelf,mushoff)</onclick>
            </control>
            <control type="radiobutton" id="304" description="100">
                <top>110</top>
                <include>SettingsSubmenuButtons</include>
                <onup>303</onup>
                <ondown>52</ondown>
                <label>359</label>
                <selected>StringCompare(Skin.String(musicshelf),top)</selected>
                <enable>!Skin.HasSetting(hidemusic) + [Library.HasContent(Music) | Library.HasContent(MusicVideos)]</enable>
                <onclick>Skin.Reset(MusicShelf_Custom)</onclick>
                <onclick condition="!StringCompare(Skin.String(musicshelf),top)">Skin.SetString(musicshelf,top)</onclick>
                <onclick condition="StringCompare(Skin.String(musicshelf),top)">Skin.SetString(musicshelf,mushoff)</onclick>
            </control>
        </control>
        <!--<control type="panel" id="52">-->
        <!--<enable>!Skin.HasSetting(hidemusic)</enable>-->
        <!--<visible>Container(50).HasFocus(1003)</visible>-->
        <!--<visible>Skin.HasSetting(MusicShelf_Custom)</visible>-->
        <!--<include>CustomizerList</include>-->
        <!--<content>-->
        <!--<item id="1" description="ADDONS">-->
        <!--<label>$INFO[system.addonTitle(Skin.String(ShelfMusic.1.Label))]</label>-->
        <!--<label2>addon</label2>-->
        <!--<thumb>$INFO[system.addonicon(Skin.String(ShelfMusic.1.Label))]</thumb>-->
        <!--<onclick>Skin.SetAddon(ShelfMusic.1.Label,xbmc.python.pluginsource)</onclick>-->
        <!--</item>-->
        <!--<item id="2" description="ADDONS">-->
        <!--<label>$INFO[system.addonTitle(Skin.String(ShelfMusic.2.Label))]</label>-->
        <!--<label2>addon</label2>-->
        <!--<thumb>$INFO[system.addonicon(Skin.String(ShelfMusic.2.Label))]</thumb>-->
        <!--<onclick>Skin.SetAddon(ShelfMusic.2.Label,xbmc.python.pluginsource)</onclick>-->
        <!--</item>-->
        <!--<item id="3" description="ADDONS">-->
        <!--<label>$INFO[system.addonTitle(Skin.String(ShelfMusic.3.Label))]</label>-->
        <!--<label2>addon</label2>-->
        <!--<thumb>$INFO[system.addonicon(Skin.String(ShelfMusic.3.Label))]</thumb>-->
        <!--<onclick>Skin.SetAddon(ShelfMusic.3.Label,xbmc.python.pluginsource)</onclick>-->
        <!--</item>-->
        <!--<item id="4" description="ADDONS">-->
        <!--<label>$INFO[system.addonTitle(Skin.String(ShelfMusic.4.Label))]</label>-->
        <!--<label2>addon</label2>-->
        <!--<thumb>$INFO[system.addonicon(Skin.String(ShelfMusic.4.Label))]</thumb>-->
        <!--<onclick>Skin.SetAddon(ShelfMusic.4.Label,xbmc.python.pluginsource)</onclick>-->
        <!--</item>-->
        <!--<item id="5" description="ADDONS">-->
        <!--<label>$INFO[system.addonTitle(Skin.String(ShelfMusic.5.Label))]</label>-->
        <!--<label2>addon</label2>-->
        <!--<thumb>$INFO[system.addonicon(Skin.String(ShelfMusic.5.Label))]</thumb>-->
        <!--<onclick>Skin.SetAddon(ShelfMusic.5.Label,xbmc.python.pluginsource)</onclick>-->
        <!--</item>-->
        <!--<item id="6" description="fav">-->
        <!--<label>$INFO[Skin.String(ShelfMusic.6.Label)]</label>-->
        <!--<label2>favourite</label2>-->
        <!--<thumb>$INFO[Skin.String(ShelfMusic.6.Icon)]</thumb>-->
        <!--<onclick>RunScript(script.favourites,property=ShelfMusic.6)</onclick>-->
        <!--</item>-->
        <!--<item id="7" description="fav">-->
        <!--<label>$INFO[Skin.String(ShelfPictures.7.Label)]</label>-->
        <!--<label2>favourite</label2>-->
        <!--<thumb>$INFO[Skin.String(ShelfMusic.7.Icon)]</thumb>-->
        <!--<onclick>RunScript(script.favourites,property=ShelfMusic.7)</onclick>-->
        <!--</item>-->
        <!--<item id="8" description="fav">-->
        <!--<label>$INFO[Skin.String(ShelfPictures.8.Label)]</label>-->
        <!--<label2>favourite</label2>-->
        <!--<thumb>$INFO[Skin.String(ShelfMusic.8.Icon)]</thumb>-->
        <!--<onclick>RunScript(script.favourites,property=ShelfMusic.8)</onclick>-->
        <!--</item>-->
        <!--<item id="9" description="fav">-->
        <!--<label>$INFO[Skin.String(ShelfPictures.9.Label)]</label>-->
        <!--<label2>favourite</label2>-->
        <!--<thumb>$INFO[Skin.String(ShelfMusic.9.Icon)]</thumb>-->
        <!--<onclick>RunScript(script.favourites,property=ShelfMusic.9)</onclick>-->
        <!--</item>-->
        <!--<item id="10" description="fav">-->
        <!--<label>$INFO[Skin.String(ShelfPictures.10.Label)]</label>-->
        <!--<label2>favourite</label2>-->
        <!--<thumb>$INFO[Skin.String(ShelfMusic.10.Icon)]</thumb>-->
        <!--<onclick>RunScript(script.favourites,property=ShelfMusic.10)</onclick>-->
        <!--</item>-->
        <!--</content>-->
        <!--</control>-->
        <control type="group" id="520" description="PICTURES">
            <visible>Container(50).HasFocus(1004)</visible>
            <top>30</top>
            <posx>40</posx>
            <control type="label">
                <top>40</top>
                <posx>20</posx>
                <visible>Skin.HasSetting(PicturesShelf_Custom)</visible>
                <width>1000</width>
                <textcolor>gray</textcolor>
                <font>Size22</font>
                <label>Scroll Right to Add > 5 Addons > 5 Scripts > 3 Favourites</label>
            </control>
            <control type="radiobutton" id="303" description="Custom">
                <onup>300</onup>
                <ondown>52</ondown>
                <include>SettingsSubmenuButtons</include>
                <label>31051</label>
                <onclick>Skin.ToggleSetting(PicturesShelf_Custom)</onclick>
                <selected>Skin.HasSetting(PicturesShelf_Custom)</selected>
            </control>
        </control>
        <control type="panel" id="52">
            <enable>!Skin.HasSetting(hidepic)</enable>
            <visible>Container(50).HasFocus(1004)</visible>
            <visible>Skin.HasSetting(PicturesShelf_Custom)</visible>
            <include>CustomizerList</include>
            <content>
                <item id="1">
                    <label>$INFO[system.addonTitle(Skin.String(ShelfPictures.1.Label))]</label>
                    <label2>addon</label2>
                    <thumb>$INFO[system.addonicon(Skin.String(ShelfPictures.1.Label))]</thumb>
                    <onclick>Skin.SetAddon(ShelfPictures.1.Label,xbmc.python.pluginsource)</onclick>
                </item>
                <item id="2">
                    <label>$INFO[system.addonTitle(Skin.String(ShelfPictures.2.Label))]</label>
                    <label2>addon</label2>
                    <thumb>$INFO[system.addonicon(Skin.String(ShelfPictures.2.Label))]</thumb>
                    <onclick>Skin.SetAddon(ShelfPictures.2.Label,xbmc.python.pluginsource)</onclick>
                </item>
                <item id="3">
                    <label>$INFO[system.addonTitle(Skin.String(ShelfPictures.3.Label))]</label>
                    <label2>addon</label2>
                    <thumb>$INFO[system.addonicon(Skin.String(ShelfPictures.3.Label))]</thumb>
                    <onclick>Skin.SetAddon(ShelfPictures.3.Label,xbmc.python.pluginsource)</onclick>
                </item>
                <item id="4">
                    <label>$INFO[system.addonTitle(Skin.String(ShelfPictures.4.Label))]</label>
                    <label2>addon</label2>
                    <thumb>$INFO[system.addonicon(Skin.String(ShelfPictures.4.Label))]</thumb>
                    <onclick>Skin.SetAddon(ShelfPictures.4.Label,xbmc.python.pluginsource)</onclick>
                </item>
                <item id="5">
                    <label>$INFO[system.addonTitle(Skin.String(ShelfPictures.5.Label))]</label>
                    <label2>addon</label2>
                    <thumb>$INFO[system.addonicon(Skin.String(ShelfPictures.5.Label))]</thumb>
                    <onclick>Skin.SetAddon(ShelfPictures.5.Label,xbmc.python.pluginsource)</onclick>
                </item>
                <item id="6" description="script">
                    <label>$INFO[system.addonTitle(Skin.String(ShelfPictures.6.Label))]</label>
                    <label2>script</label2>
                    <thumb>$INFO[system.addonicon(Skin.String(ShelfPictures.6.Label))]</thumb>
                    <onclick>Skin.SetAddon(ShelfPictures.6.Label,xbmc.python.script)</onclick>
                </item>
                <item id="7" description="script">
                    <label>$INFO[system.addonTitle(Skin.String(ShelfPictures.7.Label))]</label>
                    <label2>script</label2>
                    <thumb>$INFO[system.addonicon(Skin.String(ShelfPictures.7.Label))]</thumb>
                    <onclick>Skin.SetAddon(ShelfPictures.7.Label,xbmc.python.script)</onclick>
                </item>
                <item id="8" description="script">
                    <label>$INFO[system.addonTitle(Skin.String(ShelfPictures.8.Label))]</label>
                    <label2>script</label2>
                    <thumb>$INFO[system.addonicon(Skin.String(ShelfPictures.8.Label))]</thumb>
                    <onclick>Skin.SetAddon(ShelfPictures.8.Label,xbmc.python.script)</onclick>
                </item>
                <item id="9" description="script">
                    <label>$INFO[system.addonTitle(Skin.String(ShelfPictures.9.Label))]</label>
                    <label2>script</label2>
                    <thumb>$INFO[system.addonicon(Skin.String(ShelfPictures.9.Label))]</thumb>
                    <onclick>Skin.SetAddon(ShelfPictures.9.Label,xbmc.python.script)</onclick>
                </item>
                <item id="10" description="script">
                    <label>$INFO[system.addonTitle(Skin.String(ShelfPictures.10.Label))]</label>
                    <label2>script</label2>
                    <thumb>$INFO[system.addonicon(Skin.String(ShelfPictures.10.Label))]</thumb>
                    <onclick>Skin.SetAddon(ShelfPictures.10.Label,xbmc.python.script)</onclick>
                </item>
                <item id="11" description="fav">
                    <label>$INFO[Skin.String(ShelfPictures.11.Label)]</label>
                    <label2>favourite</label2>
                    <thumb>$INFO[Skin.String(ShelfPictures.11.Icon)]</thumb>
                    <onclick>RunScript(script.favourites,property=ShelfPictures.11)</onclick>
                </item>
                <item id="12" description="fav">
                    <label>$INFO[Skin.String(ShelfPictures.12.Label)]</label>
                    <label2>favourite</label2>
                    <thumb>$INFO[Skin.String(ShelfPictures.12.Icon)]</thumb>
                    <onclick>RunScript(script.favourites,property=ShelfPictures.12)</onclick>
                </item>
            </content>
        </control>
        <control type="group" id="520" description="ADDONS">
            <visible>Container(50).HasFocus(1005)</visible>
            <top>30</top>
            <posx>40</posx>
            <control type="label">
                <top>40</top>
                <posx>20</posx>
                <visible>Skin.HasSetting(AddonsShelf_Custom)</visible>
                <width>1000</width>
                <textcolor>gray</textcolor>
                <font>Size22</font>
                <label>Scroll Right to Add > 10 Addons > 5 Scripts > 3 Favourites</label>
            </control>
            <control type="radiobutton" id="303" description="Custom">
                <onup>300</onup>
                <ondown>52</ondown>
                <include>SettingsSubmenuButtons</include>
                <label>31051</label>
                <onclick>Skin.ToggleSetting(AddonsShelf_Custom)</onclick>
                <selected>Skin.HasSetting(AddonsShelf_Custom)</selected>
            </control>
        </control>
        <control type="panel" id="52">
            <enable>!Skin.HasSetting(hideaddon)</enable>
            <visible>Container(50).HasFocus(1005)</visible>
            <visible>Skin.HasSetting(AddonsShelf_Custom)</visible>
            <include>CustomizerList</include>
            <content>
                <item id="1">
                    <label>$INFO[system.addonTitle(Skin.String(ShelfAddons.1.Label))]</label>
                    <label2>Addon</label2>
                    <thumb>$INFO[system.addonicon(Skin.String(ShelfAddons.1.Label))]</thumb>
                    <onclick>Skin.SetAddon(ShelfAddons.1.Label,xbmc.python.pluginsource)</onclick>
                </item>
                <item id="2">
                    <label>$INFO[system.addonTitle(Skin.String(ShelfAddons.2.Label))]</label>
                    <label2>Addon</label2>
                    <thumb>$INFO[system.addonicon(Skin.String(ShelfAddons.2.Label))]</thumb>
                    <onclick>Skin.SetAddon(ShelfAddons.2.Label,xbmc.python.pluginsource)</onclick>
                </item>
                <item id="3">
                    <label>$INFO[system.addonTitle(Skin.String(ShelfAddons.3.Label))]</label>
                    <label2>Addon</label2>
                    <thumb>$INFO[system.addonicon(Skin.String(ShelfAddons.3.Label))]</thumb>
                    <onclick>Skin.SetAddon(ShelfAddons.3.Label,xbmc.python.pluginsource)</onclick>
                </item>
                <item id="4">
                    <label>$INFO[system.addonTitle(Skin.String(ShelfAddons.4.Label))]</label>
                    <label2>Addon</label2>
                    <thumb>$INFO[system.addonicon(Skin.String(ShelfAddons.4.Label))]</thumb>
                    <onclick>Skin.SetAddon(ShelfAddons.4.Label,xbmc.python.pluginsource)</onclick>
                </item>
                <item id="5">
                    <label>$INFO[system.addonTitle(Skin.String(ShelfAddons.5.Label))]</label>
                    <label2>Addon</label2>
                    <thumb>$INFO[system.addonicon(Skin.String(ShelfAddons.5.Label))]</thumb>
                    <onclick>Skin.SetAddon(ShelfAddons.5.Label,xbmc.python.pluginsource)</onclick>
                </item>
                <item id="6">
                    <label>$INFO[system.addonTitle(Skin.String(ShelfAddons.6.Label))]</label>
                    <label2>Addon</label2>
                    <thumb>$INFO[system.addonicon(Skin.String(ShelfAddons.6.Label))]</thumb>
                    <onclick>Skin.SetAddon(ShelfAddons.6.Label,xbmc.python.pluginsource)</onclick>
                </item>
                <item id="7">
                    <label>$INFO[system.addonTitle(Skin.String(ShelfAddons.7.Label))]</label>
                    <label2>Addon</label2>
                    <thumb>$INFO[system.addonicon(Skin.String(ShelfAddons.7.Label))]</thumb>
                    <onclick>Skin.SetAddon(ShelfAddons.7.Label,xbmc.python.pluginsource)</onclick>
                </item>
                <item id="8">
                    <label>$INFO[system.addonTitle(Skin.String(ShelfAddons.8.Label))]</label>
                    <label2>Addon</label2>
                    <thumb>$INFO[system.addonicon(Skin.String(ShelfAddons.8.Label))]</thumb>
                    <onclick>Skin.SetAddon(ShelfAddons.8.Label,xbmc.python.pluginsource)</onclick>
                </item>
                <item id="9">
                    <label>$INFO[system.addonTitle(Skin.String(ShelfAddons.9.Label))]</label>
                    <label2>Addon</label2>
                    <thumb>$INFO[system.addonicon(Skin.String(ShelfAddons.9.Label))]</thumb>
                    <onclick>Skin.SetAddon(ShelfAddons.9.Label,xbmc.python.pluginsource)</onclick>
                </item>
                <item id="10">
                    <label>$INFO[system.addonTitle(Skin.String(ShelfAddons.10.Label))]</label>
                    <label2>Addon</label2>
                    <thumb>$INFO[system.addonicon(Skin.String(ShelfAddons.10.Label))]</thumb>
                    <onclick>Skin.SetAddon(ShelfAddons.10.Label,xbmc.python.pluginsource)</onclick>
                </item>
                <item id="11">
                    <label>$INFO[system.addonTitle(Skin.String(ShelfAddons.11.Label))]</label>
                    <label2>Script</label2>
                    <thumb>$INFO[system.addonicon(Skin.String(ShelfAddons.11.Label))]</thumb>
                    <onclick>Skin.SetAddon(ShelfAddons.11.Label,xbmc.python.script)</onclick>
                </item>
                <item id="12">
                    <label>$INFO[system.addonTitle(Skin.String(ShelfAddons.12.Label))]</label>
                    <label2>Script</label2>
                    <thumb>$INFO[system.addonicon(Skin.String(ShelfAddons.12.Label))]</thumb>
                    <onclick>Skin.SetAddon(ShelfAddons.12.Label,xbmc.python.script)</onclick>
                </item>
                <item id="13">
                    <label>$INFO[system.addonTitle(Skin.String(ShelfAddons.13.Label))]</label>
                    <label2>Script</label2>
                    <thumb>$INFO[system.addonicon(Skin.String(ShelfAddons.13.Label))]</thumb>
                    <onclick>Skin.SetAddon(ShelfAddons.13.Label,xbmc.python.script)</onclick>
                </item>
                <item id="14">
                    <label>$INFO[system.addonTitle(Skin.String(ShelfAddons.14.Label))]</label>
                    <label2>Script</label2>
                    <thumb>$INFO[system.addonicon(Skin.String(ShelfAddons.14.Label))]</thumb>
                    <onclick>Skin.SetAddon(ShelfAddons.14.Label,xbmc.python.script)</onclick>
                </item>
                <item id="15">
                    <label>$INFO[system.addonTitle(Skin.String(ShelfAddons.15.Label))]</label>
                    <label2>Script</label2>
                    <thumb>$INFO[system.addonicon(Skin.String(ShelfAddons.15.Label))]</thumb>
                    <onclick>Skin.SetAddon(ShelfAddons.15.Label,xbmc.python.script)</onclick>
                </item>
                <item id="16">
                    <label>$INFO[Skin.String(ShelfAddons.16.Label)]</label>
                    <label2>Favourite</label2>
                    <thumb>$INFO[Skin.String(ShelfAddons.16.Icon)]</thumb>
                    <onclick>RunScript(script.favourites,property=ShelfAddons.16)</onclick>
                </item>
                <item id="17">
                    <label>$INFO[Skin.String(ShelfAddons.17.Label)]</label>
                    <label2>Favourite</label2>
                    <thumb>$INFO[Skin.String(ShelfAddons.17.Icon)]</thumb>
                    <onclick>RunScript(script.favourites,property=ShelfAddons.17)</onclick>
                </item>
                <item id="18">
                    <label>$INFO[Skin.String(ShelfAddons.18.Label)]</label>
                    <label2>Favourite</label2>
                    <thumb>$INFO[Skin.String(ShelfAddons.18.Icon)]</thumb>
                    <onclick>RunScript(script.favourites,property=ShelfAddons.18)</onclick>
                </item>
            </content>
        </control>
        <control type="group" description="VADDONS">
            <visible>Container(50).HasFocus(1013)</visible>
            <top>30</top>
            <posx>40</posx>
            <control type="label">
                <top>40</top>
                <posx>20</posx>
                <width>1000</width>
                <textcolor>gray</textcolor>
                <font>Size22</font>
                <label>Scroll Right to Add > 10 Addons > 5 Scripts</label>
            </control>
        </control>
        <control type="panel" id="520">
            <enable>!Skin.HasSetting(hidevaddons)</enable>
            <visible>Container(50).HasFocus(1013)</visible>
            <include>CustomizerList</include>
            <content>
                <item id="1">
                    <label>$INFO[Skin.String(ShelfVaddons.1.Label)]</label>
                    <label2>Addon</label2>
                    <thumb>$INFO[system.addonicon(Skin.String(ShelfVaddons.1.Label))]</thumb>
                    <onclick>Skin.SetAddon(ShelfVaddons.1.Label,xbmc.python.pluginsource)</onclick>
                </item>
                <item id="2">
                    <label>$INFO[Skin.String(ShelfVaddons.2.Label)]</label>
                    <label2>Addon</label2>
                    <thumb>$INFO[system.addonicon(Skin.String(ShelfVaddons.2.Label))]</thumb>
                    <onclick>Skin.SetAddon(ShelfVaddons.2.Label,xbmc.python.pluginsource)</onclick>
                </item>
                <item id="3">
                    <label>$INFO[Skin.String(ShelfVaddons.3.Label)]</label>
                    <label2>Addon</label2>
                    <thumb>$INFO[system.addonicon(Skin.String(ShelfVaddons.3.Label))]</thumb>
                    <onclick>Skin.SetAddon(ShelfVaddons.3.Label,xbmc.python.pluginsource)</onclick>
                </item>
                <item id="4">
                    <label>$INFO[Skin.String(ShelfVaddons.4.Label)]</label>
                    <label2>Addon</label2>
                    <thumb>$INFO[system.addonicon(Skin.String(ShelfVaddons.4.Label))]</thumb>
                    <onclick>Skin.SetAddon(ShelfVaddons.4.Label,xbmc.python.pluginsource)</onclick>
                </item>
                <item id="5">
                    <label>$INFO[Skin.String(ShelfVaddons.5.Label)]</label>
                    <label2>Addon</label2>
                    <thumb>$INFO[system.addonicon(Skin.String(ShelfVaddons.5.Label))]</thumb>
                    <onclick>Skin.SetAddon(ShelfVaddons.5.Label,xbmc.python.pluginsource)</onclick>
                </item>
                <item id="6">
                    <label>$INFO[Skin.String(ShelfVaddons.6.Label)]</label>
                    <label2>Addon</label2>
                    <thumb>$INFO[system.addonicon(Skin.String(ShelfVaddons.6.Label))]</thumb>
                    <onclick>Skin.SetAddon(ShelfVaddons.6.Label,xbmc.python.pluginsource)</onclick>
                </item>
                <item id="7">
                    <label>$INFO[Skin.String(ShelfVaddons.7.Label)]</label>
                    <label2>Addon</label2>
                    <thumb>$INFO[system.addonicon(Skin.String(ShelfVaddons.7.Label))]</thumb>
                    <onclick>Skin.SetAddon(ShelfVaddons.7.Label,xbmc.python.pluginsource)</onclick>
                </item>
                <item id="8">
                    <label>$INFO[Skin.String(ShelfVaddons.8.Label)]</label>
                    <label2>Addon</label2>
                    <thumb>$INFO[system.addonicon(Skin.String(ShelfVaddons.8.Label))]</thumb>
                    <onclick>Skin.SetAddon(ShelfVaddons.8.Label,xbmc.python.pluginsource)</onclick>
                </item>
                <item id="9">
                    <label>$INFO[Skin.String(ShelfVaddons.9.Label)]</label>
                    <label2>Addon</label2>
                    <thumb>$INFO[system.addonicon(Skin.String(ShelfVaddons.9.Label))]</thumb>
                    <onclick>Skin.SetAddon(ShelfVaddons.9.Label,xbmc.python.pluginsource)</onclick>
                </item>
                <item id="10">
                    <label>$INFO[Skin.String(ShelfVaddons.10.Label)]</label>
                    <label2>Addon</label2>
                    <thumb>$INFO[system.addonicon(Skin.String(ShelfVaddons.10.Label))]</thumb>
                    <onclick>Skin.SetAddon(ShelfVaddons.10.Label,xbmc.python.pluginsource)</onclick>
                </item>
                <item id="11">
                    <label>$INFO[Skin.String(ShelfVaddons.11.Label)]</label>
                    <label2>Script</label2>
                    <thumb>$INFO[system.addonicon(Skin.String(ShelfVaddons.11.Label))]</thumb>
                    <onclick>Skin.SetAddon(ShelfVaddons.11.Label,xbmc.python.script)</onclick>
                </item>
                <item id="12">
                    <label>$INFO[Skin.String(ShelfVaddons.12.Label)]</label>
                    <label2>Script</label2>
                    <thumb>$INFO[system.addonicon(Skin.String(ShelfVaddons.12.Label))]</thumb>
                    <onclick>Skin.SetAddon(ShelfVaddons.12.Label,xbmc.python.script)</onclick>
                </item>
                <item id="13">
                    <label>$INFO[Skin.String(ShelfVaddons.13.Label)]</label>
                    <label2>Script</label2>
                    <thumb>$INFO[system.addonicon(Skin.String(ShelfVaddons.13.Label))]</thumb>
                    <onclick>Skin.SetAddon(ShelfVaddons.13.Label,xbmc.python.script)</onclick>
                </item>
                <item id="14">
                    <label>$INFO[Skin.String(ShelfVaddons.14.Label)]</label>
                    <label2>Script</label2>
                    <thumb>$INFO[system.addonicon(Skin.String(ShelfVaddons.14.Label))]</thumb>
                    <onclick>Skin.SetAddon(ShelfVaddons.14.Label,xbmc.python.script)</onclick>
                </item>
                <item id="15">
                    <label>$INFO[Skin.String(ShelfVaddons.15.Label)]</label>
                    <label2>Script</label2>
                    <thumb>$INFO[system.addonicon(Skin.String(ShelfVaddons.15.Label))]</thumb>
                    <onclick>Skin.SetAddon(ShelfVaddons.15.Label,xbmc.python.script)</onclick>
                </item>
                <item id="16">
                    <label>$INFO[Skin.String(ShelfVaddons.16.Label)]</label>
                    <label2>Favourite</label2>
                    <thumb>$INFO[Skin.String(ShelfVaddons.16.Icon)]</thumb>
                    <onclick>RunScript(script.favourites,property=ShelfVaddons.16)</onclick>
                </item>
                <item id="17">
                    <label>$INFO[Skin.String(ShelfVaddons.17.Label)]</label>
                    <label2>Favourite</label2>
                    <thumb>$INFO[Skin.String(ShelfVaddons.17.Icon)]</thumb>
                    <onclick>RunScript(script.favourites,property=ShelfVaddons.17)</onclick>
                </item>
                <item id="18">
                    <label>$INFO[Skin.String(ShelfVaddons.18.Label)]</label>
                    <label2>Favourite</label2>
                    <thumb>$INFO[Skin.String(ShelfVaddons.18.Icon)]</thumb>
                    <onclick>RunScript(script.favourites,property=ShelfVaddons.18)</onclick>
                </item>
            </content>
        </control>
        <control type="group" description="ADDONS">
            <visible>[Container(50).HasFocus(601) + IsEmpty(Skin.String(HomeFav.1.Label))] | [Container(50).HasFocus(602) + IsEmpty(Skin.String(HomeFav.2.Label))] | [Container(50).HasFocus(603) + IsEmpty(Skin.String(HomeFav.3.Label))] | [Container(50).HasFocus(604) + IsEmpty(Skin.String(HomeFav.4.Label))] | [Container(50).HasFocus(605) + IsEmpty(Skin.String(HomeFav.5.Label))] | [Container(50).HasFocus(606) + IsEmpty(Skin.String(HomeFav.6.Label))] | [Container(50).HasFocus(607) + IsEmpty(Skin.String(HomeFav.7.Label))] | [Container(50).HasFocus(608) + IsEmpty(Skin.String(HomeFav.8.Label))] | [Container(50).HasFocus(609) + IsEmpty(Skin.String(HomeFav.9.Label))] | [Container(50).HasFocus(610) + IsEmpty(Skin.String(HomeFav.10.Label))] | [Container(50).HasFocus(611) + IsEmpty(Skin.String(HomeFav.11.Label))] | [Container(50).HasFocus(612) + IsEmpty(Skin.String(HomeFav.12.Label))]</visible>
            <top>30</top>
            <posx>40</posx>
            <control type="label">
                <top>40</top>
                <posx>20</posx>
                <width>1000</width>
                <textcolor>gray</textcolor>
                <font>Size22</font>
                <label>31034</label>
            </control>
        </control>
        <control type="group" description="CUSTOM ICONS FAVS">
            <visible>[Container(50).HasFocus(601) + !IsEmpty(Skin.String(HomeFav.1.Label))] | [Container(50).HasFocus(602) + !IsEmpty(Skin.String(HomeFav.2.Label))] | [Container(50).HasFocus(603) + !IsEmpty(Skin.String(HomeFav.3.Label))] | [Container(50).HasFocus(604) + !IsEmpty(Skin.String(HomeFav.4.Label))] | [Container(50).HasFocus(605) + !IsEmpty(Skin.String(HomeFav.5.Label))] | [Container(50).HasFocus(606) + !IsEmpty(Skin.String(HomeFav.6.Label))] | [Container(50).HasFocus(607) + !IsEmpty(Skin.String(HomeFav.7.Label))] | [Container(50).HasFocus(608) + !IsEmpty(Skin.String(HomeFav.8.Label))] | [Container(50).HasFocus(609) + !IsEmpty(Skin.String(HomeFav.9.Label))] | [Container(50).HasFocus(610) + !IsEmpty(Skin.String(HomeFav.10.Label))] | [Container(50).HasFocus(611) + !IsEmpty(Skin.String(HomeFav.11.Label))] | [Container(50).HasFocus(612) + !IsEmpty(Skin.String(HomeFav.12.Label))]</visible>
            <top>30</top>
            <posx>40</posx>
            <control type="label">
                <top>40</top>
                <posx>20</posx>
                <width>1000</width>
                <textcolor>gray</textcolor>
                <font>Size22</font>
                <label>31035</label>
            </control>
        </control>
        <control type="group" description="Options">
            <visible allowhiddenfocus="true">ControlGroup(9000).HasFocus() | ControlGroup(9001).HasFocus()</visible>
            <control type="image">
                <posx>525</posx>
                <top>200</top>
                <width>870</width>
                <height>560</height>
                <texture border="150">images/Dialog.png</texture>
            </control>
            <control type="label" description="Dialog heading">
                <posx>550</posx>
                <top>360</top>
                <width>820</width>
                <height>52</height>
                <label>[B]Favourite Options[/B]</label>
                <align>center</align>
                <aligny>center</aligny>
                <font>size36</font>
                <textcolor>White</textcolor>
            </control>

            <control type="grouplist" id="9000">
                <visible>!ControlGroup(9001).HasFocus()</visible>
                <include>DialogGLs</include>

                <control type="button" id="666">
                    <include>DialogButt</include>
                    <label>$LOCALIZE[31056]</label>
                    <onclick condition="Container(50).Hasfocus(601)">Skin.SetFile(HomeFav.1.Icon,.png|.jpg|.jpeg,special://skin/icons)</onclick>
                    <onclick condition="Container(50).Hasfocus(602)">Skin.SetFile(HomeFav.2.Icon,.png|.jpg|.jpeg,special://skin/icons)</onclick>
                    <onclick condition="Container(50).Hasfocus(603)">Skin.SetFile(HomeFav.3.Icon,.png|.jpg|.jpeg,special://skin/icons)</onclick>
                    <onclick condition="Container(50).Hasfocus(604)">Skin.SetFile(HomeFav.4.Icon,.png|.jpg|.jpeg,special://skin/icons)</onclick>
                    <onclick condition="Container(50).Hasfocus(605)">Skin.SetFile(HomeFav.5.Icon,.png|.jpg|.jpeg,special://skin/icons)</onclick>
                    <onclick condition="Container(50).Hasfocus(606)">Skin.SetFile(HomeFav.6.Icon,.png|.jpg|.jpeg,special://skin/icons)</onclick>
                    <onclick condition="Container(50).Hasfocus(607)">Skin.SetFile(HomeFav.7.Icon,.png|.jpg|.jpeg,special://skin/icons)</onclick>
                    <onclick condition="Container(50).Hasfocus(608)">Skin.SetFile(HomeFav.8.Icon,.png|.jpg|.jpeg,special://skin/icons)</onclick>
                    <onclick condition="Container(50).Hasfocus(609)">Skin.SetFile(HomeFav.9.Icon,.png|.jpg|.jpeg,special://skin/icons)</onclick>
                    <onclick condition="Container(50).Hasfocus(610)">Skin.SetFile(HomeFav.10.Icon,.png|.jpg|.jpeg,special://skin/icons)</onclick>
                    <onclick condition="Container(50).Hasfocus(611)">Skin.SetFile(HomeFav.11.Icon,.png|.jpg|.jpeg,special://skin/icons)</onclick>
                    <onclick condition="Container(50).Hasfocus(612)">Skin.SetFile(HomeFav.12.Icon,.png|.jpg|.jpeg,special://skin/icons)</onclick>










                    <onclick condition="Container(50).Hasfocus(401)">Skin.SetFile(HomeAddon.1.Icon,.png|.jpg|.jpeg,special://skin/icons)</onclick>
                    <onclick condition="Container(50).Hasfocus(402)">Skin.SetFile(HomeAddon.2.Icon,.png|.jpg|.jpeg,special://skin/icons)</onclick>
                    <onclick condition="Container(50).Hasfocus(403)">Skin.SetFile(HomeAddon.3.Icon,.png|.jpg|.jpeg,special://skin/icons)</onclick>
                    <onclick condition="Container(50).Hasfocus(404)">Skin.SetFile(HomeAddon.4.Icon,.png|.jpg|.jpeg,special://skin/icons)</onclick>
                    <onclick condition="Container(50).Hasfocus(405)">Skin.SetFile(HomeAddon.5.Icon,.png|.jpg|.jpeg,special://skin/icons)</onclick>
                    <onclick condition="Container(50).Hasfocus(406)">Skin.SetFile(HomeAddon.6.Icon,.png|.jpg|.jpeg,special://skin/icons)</onclick>
                    <onclick condition="Container(50).Hasfocus(501)">Skin.SetFile(HomeAddon.7.Icon,.png|.jpg|.jpeg,special://skin/icons)</onclick>
                    <onclick condition="Container(50).Hasfocus(502)">Skin.SetFile(HomeAddon.8.Icon,.png|.jpg|.jpeg,special://skin/icons)</onclick>
                    <onclick condition="Container(50).Hasfocus(503)">Skin.SetFile(HomeAddon.9.Icon,.png|.jpg|.jpeg,special://skin/icons)</onclick>
                    <onclick condition="Container(50).Hasfocus(504)">Skin.SetFile(HomeAddon.10.Icon,.png|.jpg|.jpeg,special://skin/icons)</onclick>
                    <onclick condition="Container(50).Hasfocus(505)">Skin.SetFile(HomeAddon.11.Icon,.png|.jpg|.jpeg,special://skin/icons)</onclick>
                    <onclick condition="Container(50).Hasfocus(506)">Skin.SetFile(HomeAddon.12.Icon,.png|.jpg|.jpeg,special://skin/icons)</onclick>
                    <onclick>SetFocus(50)</onclick>
                </control>
                <control type="button" id="667">
                    <include>DialogButt</include>
                    <label>$LOCALIZE[31057]</label>
                    <onclick condition="Container(50).Hasfocus(601)">RunScript(script.favourites,property=HomeFav.1)</onclick>
                    <onclick condition="Container(50).Hasfocus(602)">RunScript(script.favourites,property=HomeFav.2)</onclick>
                    <onclick condition="Container(50).Hasfocus(603)">RunScript(script.favourites,property=HomeFav.3)</onclick>
                    <onclick condition="Container(50).Hasfocus(604)">RunScript(script.favourites,property=HomeFav.4)</onclick>
                    <onclick condition="Container(50).Hasfocus(605)">RunScript(script.favourites,property=HomeFav.5)</onclick>
                    <onclick condition="Container(50).Hasfocus(606)">RunScript(script.favourites,property=HomeFav.6)</onclick>
                    <onclick condition="Container(50).Hasfocus(607)">RunScript(script.favourites,property=HomeFav.7)</onclick>
                    <onclick condition="Container(50).Hasfocus(608)">RunScript(script.favourites,property=HomeFav.8)</onclick>
		    <onclick condition="Container(50).Hasfocus(609)">RunScript(script.favourites,property=HomeFav.9)</onclick>
                    <onclick condition="Container(50).Hasfocus(610)">RunScript(script.favourites,property=HomeFav.10)</onclick>
                    <onclick condition="Container(50).Hasfocus(611)">RunScript(script.favourites,property=HomeFav.11)</onclick>
                    <onclick condition="Container(50).Hasfocus(612)">RunScript(script.favourites,property=HomeFav.12)</onclick>





                    <onclick condition="Container(50).Hasfocus(401)">Skin.SetAddon(HomeAddon.1.Label,xbmc.python.pluginsource)</onclick>
                    <onclick condition="Container(50).Hasfocus(401)">Skin.Reset(HomeAddon.1.Icon)</onclick>
                    <onclick condition="Container(50).Hasfocus(402)">Skin.SetAddon(HomeAddon.2.Label,xbmc.python.pluginsource)</onclick>
                    <onclick condition="Container(50).Hasfocus(402)">Skin.Reset(HomeAddon.2.Icon)</onclick>
                    <onclick condition="Container(50).Hasfocus(403)">Skin.SetAddon(HomeAddon.3.Label,xbmc.python.pluginsource)</onclick>
                    <onclick condition="Container(50).Hasfocus(403)">Skin.Reset(HomeAddon.3.Icon)</onclick>
                    <onclick condition="Container(50).Hasfocus(404)">Skin.SetAddon(HomeAddon.4.Label,xbmc.python.pluginsource)</onclick>
                    <onclick condition="Container(50).Hasfocus(404)">Skin.Reset(HomeAddon.4.Icon)</onclick>
                    <onclick condition="Container(50).Hasfocus(405)">Skin.SetAddon(HomeAddon.5.Label,xbmc.python.pluginsource)</onclick>
                    <onclick condition="Container(50).Hasfocus(405)">Skin.Reset(HomeAddon.5.Icon)</onclick>
                    <onclick condition="Container(50).Hasfocus(406)">Skin.SetAddon(HomeAddon.6.Label,xbmc.python.pluginsource)</onclick>
                    <onclick condition="Container(50).Hasfocus(406)">Skin.Reset(HomeAddon.6.Icon)</onclick>
                    <onclick condition="Container(50).Hasfocus(501)">Skin.SetAddon(HomeAddon.7.Label,xbmc.python.script)</onclick>
                    <onclick condition="Container(50).Hasfocus(501)">Skin.Reset(HomeAddon.7.Icon)</onclick>
                    <onclick condition="Container(50).Hasfocus(502)">Skin.SetAddon(HomeAddon.8.Label,xbmc.python.script)</onclick>
                    <onclick condition="Container(50).Hasfocus(502)">Skin.Reset(HomeAddon.8.Icon)</onclick>
                    <onclick condition="Container(50).Hasfocus(503)">Skin.SetAddon(HomeAddon.9.Label,xbmc.python.script)</onclick>
                    <onclick condition="Container(50).Hasfocus(503)">Skin.Reset(HomeAddon.9.Icon)</onclick>
                    <onclick condition="Container(50).Hasfocus(504)">Skin.SetAddon(HomeAddon.10.Label,xbmc.python.script)</onclick>
                    <onclick condition="Container(50).Hasfocus(504)">Skin.Reset(HomeAddon.10.Icon)</onclick>
                    <onclick condition="Container(50).Hasfocus(505)">Skin.SetAddon(HomeAddon.11.Label,xbmc.python.script)</onclick>
                    <onclick condition="Container(50).Hasfocus(505)">Skin.Reset(HomeAddon.11.Icon)</onclick>
                    <onclick condition="Container(50).Hasfocus(506)">Skin.SetAddon(HomeAddon.12.Label,xbmc.python.script)</onclick>
                    <onclick condition="Container(50).Hasfocus(506)">Skin.Reset(HomeAddon.12.Icon)</onclick>
                    <onclick>SetFocus(50)</onclick>
                </control>
            </control>
        </control>

        <control type="group" id="520" description="WEATHER">
            <top>60</top>
            <posx>60</posx>
            <visible>Container(50).HasFocus(1006)</visible>
            <control type="label">
                <posx>450</posx>
                <top>80</top>
                <width>900</width>
                <height>60</height>
                <align>center</align>
                <textcolor>gray</textcolor>
                <font>Size26</font>
                <label>Current Location:</label>
            </control>
            <control type="label">
                <posx>450</posx>
                <top>150</top>
                <width>900</width>
                <height>60</height>
                <align>center</align>
                <font>Size60B</font>
                <label>$INFO[Weather.Location]</label>
            </control>
            <control type="button" id="100">
                <ondown>50</ondown>
                <posx>750</posx>
                <top>250</top>
                <width>300</width>
                <height>60</height>
                <align>center</align>
                <label>SETTINGS</label>
                <enable>!Skin.HasSetting(hidewtr)</enable>
                <onclick>activatewindow(weathersettings)</onclick>
            </control>
        </control>
        <control type="group" id="521" description="WEATHER">
            <top>60</top>
            <posx>60</posx>
            <visible>Container(50).HasFocus(356)</visible>
            <control type="textbox">
                <posx>450</posx>
                <top>100</top>
                <width>900</width>
                <height>300</height>
                <align>center</align>
                <textcolor>gray</textcolor>
                <font>Size26</font>
                <label>$LOCALIZE[31015]</label>
            </control>
        </control>
    </controls>
</window>

