<?xml version="1.0" encoding="UTF-8"?>
<window id="123">
    <defaultcontrol>5</defaultcontrol>
    <include>DialogOpenClose</include>
    <coordinates>
        <system>1</system>
    </coordinates>
    <controls>
        <control type="image">
            <posx>150</posx>
            <top>-75</top>
            <width>1620</width>
            <height>1230</height>
            <texture border="150">images/Dialog.png</texture>
        </control>
        <control type="group">
            <posx>435</posx>
            <top>180</top>
            <control type="label">
                <description>header label</description>
                <posx>60</posx>
                <top>-30</top>
                <width>930</width>
                <height>45</height>
                <font>size28</font>
                <label>$LOCALIZE[5]</label>
                <align>center</align>
                <aligny>center</aligny>
            </control>
            <control type="label" id="3">
                <description>No Settings Label</description>
                <posx>30</posx>
                <top>270</top>
                <width>960</width>
                <align>center</align>
                <label>35004</label>
                <font>size26</font>
            </control>
            <control type="grouplist" id="5">
                <animation effect="slide" start="0,0" end="8,0" time="0" condition="!Control.IsVisible(60)">Conditional</animation>
                <description>control area</description>
                <posx>45</posx>
                <top>105</top>
                <width>945</width>
                <height>480</height>
                <itemgap>8</itemgap>
                <pagecontrol>60</pagecontrol>
                <onleft>28</onleft>
                <onright>60</onright>
                <onup>28</onup>
                <ondown>28</ondown>
            </control>
            <control type="scrollbar" id="60">
                <posx>987</posx>
                <top>105</top>
                <width>36</width>
                <onleft>3</onleft>
                <onright>3</onright>
                <ondown>60</ondown>
                <onup>60</onup>
                <showonepage>false</showonepage>
                <orientation>vertical</orientation>
            </control>
            <control type="button" id="7">
                <description>Default Button</description>
                <posx>0</posx>
                <top>0</top>
                <height>60</height>
                <font>size27</font>
                <!--<texturefocus border="5">button-focus2.png</texturefocus>-->
            </control>
            <control type="radiobutton" id="8">
                <description>Default RadioButton</description>
                <posx>0</posx>
                <top>0</top>
                <height>60</height>
                <font>size27</font>
                <!--<texturefocus border="5">button-focus2.png</texturefocus>-->
            </control>
            <control type="spincontrolex" id="9">
                <description>Default SpinControlex</description>
                <posx>0</posx>
                <top>0</top>
                <height>60</height>
                <font>size27</font>
                <!--<texturefocus border="5">button-focus2.png</texturefocus>
                    <texturenofocus border="5">button-nofocus.png</texturenofocus>-->
            </control>
            <control type="sliderex" id="10">
                <description>Default Slider</description>
                <height>60</height>
                <!--<texturenofocus border="5">button-nofocus.png</texturenofocus>
                    <texturefocus border="5">button-focus2.png</texturefocus>-->
                <font>size27</font>
            </control>
            <control type="image" id="11">
                <description>separator image</description>
                <height>3</height>
                <texture>-</texture>
            </control>
            <control type="group" id="9000">
                <posx>60</posx>
                <top>638</top>
                <control type="button" id="29">
                    <description>Cancel Button</description>
                    <top>0</top>
                    <posx>0</posx>
                    <width>300</width>
                    <height>60</height>
                    <align>center</align>
                    <aligny>center</aligny>
                    <font>size26</font>
                    <label>222</label>
                    <onleft>50</onleft>
                    <onright>28</onright>
                    <onup>5</onup>
                    <ondown>5</ondown>
                    <texturenofocus border="5">images/white.png</texturenofocus>
                </control>
                <control type="button" id="28">
                    <description>OK Button</description>
                    <top>0</top>
                    <posx>315</posx>
                    <width>300</width>
                    <height>60</height>
                    <align>center</align>
                    <aligny>center</aligny>
                    <font>size26</font>
                    <label>186</label>
                    <onleft>29</onleft>
                    <onright>50</onright>
                    <onup>5</onup>
                    <ondown>5</ondown>
                    <texturenofocus border="5">images/white.png</texturenofocus>
                </control>
                <control type="button" id="50">
                    <description>Defaults Button</description>
                    <top>0</top>
                    <posx>630</posx>
                    <width>300</width>
                    <height>60</height>
                    <align>center</align>
                    <aligny>center</aligny>
                    <font>size26</font>
                    <label>409</label>
                    <onleft>28</onleft>
                    <onright>29</onright>
                    <onup>5</onup>
                    <ondown>5</ondown>
                    <texturenofocus border="5">images/white.png</texturenofocus>
                </control>
            </control>
        </control>
    </controls>
</window>
