<?xml version="1.0" encoding="UTF-8"?>
<window id="106">
    <defaultcontrol always="true">996</defaultcontrol>
    <allowoverlay>no</allowoverlay>
    <backgroundcolor>background</backgroundcolor>
    <include>DialogOpenClose</include>
    <coordinates>
        <system>1</system>
        <origin x="560" y="20" />
    </coordinates>
    <controls>
        <control type="image" id="999" description="Background image">
            <height>1260</height>
            <width>780</width>
            <texture border="150">images/Dialog.png</texture>
        </control>
        <control type="grouplist" id="996" description="Context menu container">
            <posx>150</posx>
            <top>150</top>
            <width>480</width>
            <height max="960">auto</height>
            <itemgap>3</itemgap>
            <control type="button" id="1500">
                <visible>System.HasAddon(script.cinema.experience) + Container.Content(movies)</visible>
                <width>480</width>
                <height>60</height>
                <label>Cinema</label>
                <onclick>XBMC.RunScript(script.cinema.experience)</onclick>
            </control>
        </control>
        <control type="button" id="1000" description="Buttons">
            <posx>150</posx>
            <top></top>
            <width>480</width>
            <height>60</height>
            <focusedcolor>black</focusedcolor>
            <texturefocus colordiffuse="$VAR[diffuseselect]">images/buttonselect2.png</texturefocus>
            <texturenofocus>-</texturenofocus>
        </control>
    </controls>
</window>
