<?xml version="1.0" encoding="UTF-8"?>
<window id="10140">
    <defaultcontrol always="true">9</defaultcontrol>
    <allowoverlay>no</allowoverlay>
    <backgroundcolor>0xffffffff</backgroundcolor>
    <include>OpenClose</include>
    <controls>
        <include>BlackBackground</include>
        <control type="image" description="Line top">
            <top>150</top>
            <width>1920</width>
            <height>1</height>
            <aspectratio>stretch</aspectratio>
            <texture>lines/Line.png</texture>
        </control>
        <control type="image" description="Line top">
            <top>80</top>
            <width>1920</width>
            <height>1</height>
            <aspectratio>stretch</aspectratio>
            <texture>lines/Line.png</texture>
        </control>
        <control type="image" description="Line bott">
            <top>1002</top>
            <width>1920</width>
            <height>1</height>
            <aspectratio>stretch</aspectratio>
            <texture>lines/Line.png</texture>
        </control>
        <control type="label" description="Heading">
            <include>Heading</include>
            <label>1045</label>
        </control>
        <control type="grouplist" id="9" description="TopHat">
            <top>78</top>
            <width>auto</width>
            <align>center</align>
            <height>80</height>
            <itemgap>9</itemgap>
            <onleft>noop</onleft>
            <onright>noop</onright>
            <onup>noop</onup>
            <ondown>2</ondown>
            <orientation>horizontal</orientation>
        </control>
        <control type="grouplist" id="8999" description="bottomPanel">
            <top>1000</top>
            <width>auto</width>
            <align>center</align>
            <height>80</height>
            <itemgap>9</itemgap>
            <onleft>noop</onleft>
            <onright>noop</onright>
            <onup>2</onup>
            <ondown>9001</ondown>
            <orientation>horizontal</orientation>
            <control type="button" id="10" description="OK">
                <label>186</label>
            </control>
            <control type="button" id="12" description="Default">
                <label>409</label>
            </control>
            <control type="button" id="11" description="Cancel">
                <label>222</label>
            </control>
        </control>
        <control type="button" id="13" description="Button Template">
            <font>size33</font>
        </control>
        <control type="grouplist" id="2" description="Stage">
            <posx>300</posx>
            <top>165</top>
            <width>1320</width>
            <height>825</height>
            <itemgap>0</itemgap>
            <onup>9</onup>
            <ondown>8999</ondown>
            <onleft>0</onleft>
            <onright>60</onright>
            <pagecontrol>60</pagecontrol>
        </control>
        <control type="button" id="3" description="Default Button">
            <align>left</align>
        </control>
        <control type="radiobutton" id="4" description="Default RadioButton">
            <align>left</align>
        </control>
        <control type="spincontrolex" id="5" description="Default spincontrolex">
            <reverse>yes</reverse>
        </control>
        <control type="image" id="6" description="DO NOT REMOVE">
            <texture>images/Black.png</texture>
            <height>1</height>
        </control>
        <control type="label" id="7">
            <label>-</label>
            <font>size36</font>
            <textcolor>Blue</textcolor>
        </control>
        <control type="sliderex" id="8" description="Default Slider Control">
            <width>900</width>
        </control>
        <control type="scrollbar" id="60">
            <posx>45r</posx>
            <top>165</top>
            <height>825</height>
            <onleft>2</onleft>
            <showonepage>false</showonepage>
            <onright>8999</onright>
        </control>
    </controls>
</window>
