<?xml version="1.0" encoding="UTF-8"?>
<window id="614">
    <defaultcontrol></defaultcontrol>
    <include>OpenClose</include>
    <controls>
        <control type="group">
            <posx>1130</posx>
            <top>970</top>
            <animation effect="slide" start="810,0" end="0,0" time="450">WindowOpen</animation>
            <animation effect="slide" start="0,0" end="810,0" time="450">WindowClose</animation>
            <control type="image" description="Dialog BG">
                <posx>0</posx>
                <top>-6</top>
                <width>800</width>
                <height>108</height>
                <texture border="30">images/ProgressBG.png</texture>
            </control>
            <control type="label" id="30" description="Caption Label">
                <posx>22</posx>
                <top>9</top>
                <width>755</width>
                <height>27</height>
                <font>size21</font>
                <align>left</align>
                <aligny>center</aligny>
            </control>
            <control type="label" id="31" description="Current Directory Label">
                <posx>22</posx>
                <top>36</top>
                <width>755</width>
                <height>30</height>
                <font>size21</font>
                <align>left</align>
                <aligny>center</aligny>
            </control>
            <control type="progress" id="32" description="Progress bar">
                <posx>22</posx>
                <top>75</top>
                <width>755</width>
                <height>8</height>
                <texturebg>progress/ProgressBG.png</texturebg>
                <midtexture>progress/ProgressM.png</midtexture>
                <righttexture>progress/ProgressR.png</righttexture>
                <lefttexture>progress/ProgressL.png</lefttexture>
            </control>
        </control>
    </controls>
</window>
