<?xml version="1.0" encoding="UTF-8"?>
<window id="147">
    <defaultcontrol>61</defaultcontrol>
    <include>DialogOpenClose</include>
    <controls>
        <control type="image" description="BG">
            <animation effect="fade" start="0" end="100" delay="150" time="300">WindowOpen</animation>
            <animation effect="fade" start="100" end="0" time="50">WindowClose</animation>
            <posx>0</posx>
            <top>0</top>
            <width>1920</width>
            <height>1080</height>
            <texture>busy/BusyBG.png</texture>
        </control>
        <control type="image">
            <posx>365</posx>
            <top>-60</top>
            <width>1200</width>
            <height>1110</height>
            <texture border="150">images/Dialog.png</texture>
        </control>
        <control type="group">
            <posx>450</posx>
            <top>75</top>
            <control type="label" id="1" description="Header">
                <posx>60</posx>
                <top>30</top>
                <align>center</align>
                <width>750</width>
                <height>45</height>
            </control>
            <control type="textbox" id="5" description="Textarea">
                <posx>90</posx>
                <top>120</top>
                <width>720</width>
                <height>690</height>
                <font>size27</font>
                <align>justify</align>
            </control>
            <control type="scrollbar" id="61">
                <posx>960</posx>
                <top>105</top>
                <height>690</height>
                <onleft>Close</onleft>
                <onright>Close</onright>
                <ondown>61</ondown>
                <onup>61</onup>
            </control>
        </control>
    </controls>
</window>
