<?xml version="1.0" encoding="UTF-8"?>
<window type="dialog" id="101">
    <defaultcontrol always="true">10</defaultcontrol>
    <allowoverlay>no</allowoverlay>
    <backgroundcolor>background</backgroundcolor>
    <include>DialogOpenClose</include>
    <controls>
        <control type="image">
            <posx>270</posx>
            <top>210</top>
            <width>1360</width>
            <height>740</height>
            <texture border="150">images/Dialog.png</texture>
        </control>
        <control type="group">
            <posx>480</posx>
            <top>360</top>
            <control type="label" id="1" description="Heading">
                <width>960</width>
                <label>-</label>
                <font>size28</font>
                <align>center</align>
            </control>
            <control type="textbox" id="9" description="content">
                <posx>0</posx>
                <top>108</top>
                <label>-</label>
                <width>960</width>
                <height>135</height>
                <align>center</align>
                <autoscroll>false</autoscroll>
            </control>
            <control type="progress" description="Progressbar">
                <posx>0</posx>
                <top>261</top>
                <width>960</width>
                <height>9</height>
                <texturebg border="5,0,5,0">progress/ProgressBG.png</texturebg>
                <midtexture border="0,1,0,1">progress/ProgressM.png</midtexture>
                <righttexture border="1,1,5,1">progress/ProgressR.png</righttexture>
                <lefttexture border="5,1,1,1">progress/ProgressL.png</lefttexture>
                <info>System.Progressbar</info>
            </control>
            <control type="button" id="10" description="Cancel">
                <posx>330</posx>
                <top>330</top>
                <width>300</width>
                <label>222</label>
            </control>
        </control>
    </controls>
</window>
