<?xml version="1.0" encoding="UTF-8"?>
<window>
    <defaultcontrol always="false">120</defaultcontrol>
    <allowoverlay>no</allowoverlay>
    <backgroundcolor>background</backgroundcolor>
    <include>OpenClose</include>
    <controls>
        <control type="group" id="250">
            <control type="image" description="BG">
                <centerleft>960</centerleft>
                <width>1700</width>
                <height>1080</height>
                <texture border="150">images/Dialog.png</texture>
                <colordiffuse>CCFFFFFF</colordiffuse>
            </control>
            <control type="image">
                <posx>1557</posx>
                <top>160</top>
                <width>98</width>
                <height>45</height>
                <texture>images/rightarrow.png</texture>
            </control>
            <control type="image" id="110">
                <description>Service Logo</description>
                <posx>460</posx>
                <top>140</top>
                <width>1000</width>
                <height>70</height>
                <aspectratio align="center">keep</aspectratio>
            </control>
            <control type="label" description="Header Label">
                <posx>260</posx>
                <top>220</top>
                <width>1400</width>
                <height>60</height>
                <font>size26</font>
                <textcolor>black</textcolor>
                <align>center</align>
                <aligny>center</aligny>
                <label>$INFO[Player.Filename]</label>
            </control>
            <control type="image" description="linetop">
                <centerleft>960</centerleft>
                <top>280</top>
                <width>1350</width>
                <height>1</height>
                <texture>lines/Line.png</texture>
            </control>
            <control type="image" description="linebottom">
                <centerleft>960</centerleft>
                <top>850</top>
                <width>1350</width>
                <height>1</height>
                <texture>lines/Line.png</texture>
            </control>
            <control type="label" id="140" description="# of Subtitles Found">
                <left>310</left>
                <top>855</top>
                <width>1300</width>
                <height>35</height>
                <textcolor>White</textcolor>
                <font>size33</font>
                <align>center</align>
            </control>
            <control type="grouplist" id="130">
                <left>310</left>
                <top>895</top>
                <width>1300</width>
                <align>center</align>
                <orientation>horizontal</orientation>
                <itemgap>5</itemgap>
                <control type="image">
                    <width>50</width>
                    <height>50</height>
                    <colordiffuse>red</colordiffuse>
                    <texture>DefaultIconInfo.png</texture>
                </control>
                <control type="label" description="Local subtitle available">
                    <width min="10">auto</width>
                    <height>50</height>
                    <label>$LOCALIZE[31413]</label>
                    <font>size33</font>
                    <align>center</align>
                </control>
            </control>
            <control type="list" id="120">
                <centerleft>960</centerleft>
                <top>281</top>
                <width>1360</width>
                <height>569</height>
                <onleft>60</onleft>
                <onright>150</onright>
                <onup>120</onup>
                <ondown>120</ondown>
                <viewtype label="535">list</viewtype>
                <pagecontrol>60</pagecontrol>
                <scrolltime>200</scrolltime>
                <itemlayout width="1360" height="54">
                    <control type="image">
                        <posx>10</posx>
                        <width>33</width>
                        <height>54</height>
                        <aspectratio>keep</aspectratio>
                        <texture>flags/$INFO[ListItem.Thumb].png</texture>
                    </control>
                    <control type="label">
                        <posx>54</posx>
                        <width>135</width>
                        <height>54</height>
                        <font>size27</font>
                        <aligny>center</aligny>
                        <textcolor>gray</textcolor>
                        <scroll>false</scroll>
                        <align>left</align>
                        <info>ListItem.Label</info>
                    </control>
                    <control type="image">
                        <posx>202</posx>
                        <width>24</width>
                        <height>54</height>
                        <aspectratio>keep</aspectratio>
                        <texture>icon_cc.png</texture>
                        <visible>ListItem.property(hearing_imp)</visible>
                    </control>
                    <control type="image">
                        <posx>242</posx>
                        <width>60</width>
                        <height>54</height>
                        <aspectratio>keep</aspectratio>
                        <texture colordiffuse="black">icon_sync.png</texture>
                        <visible>ListItem.property(sync)</visible>
                    </control>
                    <control type="label">
                        <posx>315</posx>
                        <width>900</width>
                        <height>54</height>
                        <font>size27</font>
                        <aligny>center</aligny>
                        <textcolor>gray</textcolor>
                        <scroll>false</scroll>
                        <align>left</align>
                        <info>ListItem.Label2</info>
                    </control>
                    <control type="image">
                        <posx>1230</posx>
                        <width>120</width>
                        <height>54</height>
                        <aspectratio>keep</aspectratio>
                        <texture>badges/$INFO[ListItem.ActualIcon].0.png</texture>
                    </control>
                </itemlayout>
                <focusedlayout width="1360" height="54">
                    <control type="image">
                        <width>1358</width>
                        <height>54</height>
                        <texture colordiffuse="$VAR[diffuseselect]">images/buttonselect1.png</texture>
                        <visible>Control.HasFocus(120)</visible>
                    </control>
                    <control type="image">
                        <posx>10</posx>
                        <width>33</width>
                        <height>54</height>
                        <aspectratio>keep</aspectratio>
                        <texture>flags/$INFO[ListItem.Thumb].png</texture>
                    </control>
                    <control type="label">
                        <posx>54</posx>
                        <width>135</width>
                        <height>54</height>
                        <font>size27</font>
                        <aligny>center</aligny>
                        <textcolor>black</textcolor>
                        <align>left</align>
                        <info>ListItem.Label</info>
                    </control>
                    <control type="image">
                        <posx>202</posx>
                        <width>24</width>
                        <height>54</height>
                        <aspectratio>keep</aspectratio>
                        <texture>icon_cc.png</texture>
                        <visible>ListItem.property(hearing_imp)</visible>
                    </control>
                    <control type="image">
                        <posx>242</posx>
                        <width>60</width>
                        <height>54</height>
                        <aspectratio>keep</aspectratio>
                        <texture colordiffuse="black">icon_sync.png</texture>
                        <visible>ListItem.property(sync)</visible>
                    </control>
                    <control type="label">
                        <posx>315</posx>
                        <width>900</width>
                        <height>54</height>
                        <font>size27</font>
                        <aligny>center</aligny>
                        <textcolor>black</textcolor>
                        <align>left</align>
                        <info>ListItem.Label2</info>
                    </control>
                    <control type="image">
                        <posx>1230</posx>
                        <width>120</width>
                        <height>54</height>
                        <aspectratio>keep</aspectratio>
                        <texture>badges/$INFO[ListItem.ActualIcon].0.png</texture>
                    </control>
                </focusedlayout>
            </control>
            <control type="scrollbar" id="60">
                <posx>262</posx>
                <top>303</top>
                <height>522</height>
                <onleft>noop</onleft>
                <onright>120</onright>
                <showonepage>false</showonepage>
            </control>
        </control>
        <control type="group" id="350">
            <top>90</top>
            <animation effect="slide" start="0,0" end="-450,0" time="400" reversible="true" condition="Control.HasFocus(150) | Control.HasFocus(160)">Conditional</animation>
            <control type="image" description="BG">
                <centerleft>2130</centerleft>
                <top>45</top>
                <width>708</width>
                <height>810</height>
                <texture border="150">images/Dialog.png</texture>
            </control>
            <control type="button" id="160">
                <description>Manual search button</description>
                <centerleft>2130</centerleft>
                <top>190</top>
                <width>380</width>
                <height>60</height>
                <onleft>120</onleft>
                <onright>120</onright>
                <onup>noop</onup>
                <ondown>150</ondown>
                <label>$LOCALIZE[24120]</label>
                <font>size27</font>
                <textcolor>black</textcolor>
                <focusedcolor>black</focusedcolor>
                <align>center</align>
            </control>
            <control type="image">
                <description>separator</description>
                <centerleft>2130</centerleft>
                <top>258</top>
                <width>430</width>
                <height>1</height>
                <texture>lines/Line.png</texture>
            </control>
            <control type="list" id="150">
                <centerleft>2130</centerleft>
                <top>265</top>
                <width>380</width>
                <height>442</height>
                <onleft>120</onleft>
                <onright>120</onright>
                <onup>160</onup>
                <ondown>150</ondown>
                <viewtype label="535">list</viewtype>
                <scrolltime>200</scrolltime>
                <itemlayout width="380" height="54">
                    <control type="label">
                        <left>190</left>
                        <top>0</top>
                        <width>350</width>
                        <height>57</height>
                        <font>size27</font>
                        <align>center</align>
                        <aligny>center</aligny>
                        <info>ListItem.Label</info>
                    </control>
                </itemlayout>
                <focusedlayout width="380" height="54">
                    <control type="image">
                        <centerleft>190</centerleft>
                        <top>0</top>
                        <width>380</width>
                        <height>57</height>
                         <texture colordiffuse="$VAR[diffuseselect]">images/buttonselect2.png</texture>
                        <visible>Control.HasFocus(150)</visible>
                    </control>
                    <control type="label">
                        <left>190</left>
                        <top>0</top>
                        <width>350</width>
                        <height>57</height>
                        <font>size27</font>
                        <align>center</align>
                        <aligny>center</aligny>
                        <info>ListItem.Label</info>
                    </control>
                </focusedlayout>
            </control>
        </control>
    </controls>
</window>
