<?xml version="1.0" encoding="UTF-8"?>
<window id="2003">
    <defaultcontrol always="false">8</defaultcontrol>
    <allowoverlay>no</allowoverlay>
    <backgroundcolor>0xffffffff</backgroundcolor>
    <include>OpenClose</include>
    <controls>
        <include>BlackBackground</include>
        <!--control type="image" description="Fanart">
          <visible>!IsEmpty(ListItem.Property(fanart_image))</visible>
          <include>VisibleFade</include>
          <include>Dimensions_Fullscreen</include>
          <texture background="true">$INFO[ListItem.Property(fanart_image)]</texture>
          <aspectratio>scale</aspectratio>
          <colordiffuse>30FFFFFF</colordiffuse>
        </control-->
        <control type="group" description="rotate Poster">
            <camera x="265" y="330" />
            <animation condition="true" effect="rotatey" center="265,0" end="-20">conditional</animation>
            <control type="image" description="Thumb">
                <visible>!Container.Content(episodes)</visible>
                <posx>60</posx>
                <top>60</top>
                <width>500</width>
                <height>600</height>
                <texture background="true" diffuse="images/diffuse.png">$INFO[ListItem.Art(poster)]</texture>
                <aspectratio>keep</aspectratio>
            </control>
            <control type="image" description="Thumb">
                <visible>!Container.Content(episodes)</visible>
                <posx>60</posx>
                <top>660</top>
                <width>500</width>
                <height>600</height>
                <texture flipy="true" background="true" diffuse="images/Reflection0.png">$INFO[ListItem.Art(poster)]</texture>
                <aspectratio>keep</aspectratio>
            </control>

            <control type="image" description="Thumb Season">
                <visible>Container.Content(episodes)</visible>
                <posx>60</posx>
                <top>60</top>
                <width>500</width>
                <height>600</height>
                <texture>$INFO[ListItem.Art(season.poster)]</texture>
                <aspectratio>keep</aspectratio>
            </control>
        </control>
        <control type="group">
            <posx>600</posx>
            <control type="label" description="title">
                <top>50</top>
                <width>1200</width>
                <height>50</height>
                <font>size39B</font>
                <align>Left</align>
                <label>$INFO[ListItem.Title] $INFO[ListItem.Year, (,)]</label>
            </control>
            <control type="label">
                <top>96</top>
                <width>1000</width>
                <height>45</height>
                <font>size27</font>
                <textcolor></textcolor>
                <label>$INFO[ListItem.Studio]</label>
            </control>
            <control type="image" description="Stars rating">
                <posx>1065</posx>
                <top>100</top>
                <height>45</height>
                <width>135</width>
                <aspectratio align="right">keep</aspectratio>
                <texture>$INFO[ListItem.Rating,badges/,.png]</texture>
            </control>
            <control type="image" description="Line">
                <top>140</top>
                <height>1</height>
                <width>1000</width>
                <texture>lines/LineL.png</texture>
            </control>
            <control type="textbox" id="4" description="plot">
                <top>140</top>
                <width>1200</width>
                <height>250</height>
                <align>justify</align>
            </control>
            <control type="image" description="Line">
                <top>390</top>
                <height>1</height>
                <width>1000</width>
                <texture>lines/LineL.png</texture>
            </control>
            <control type="grouplist" description="Flags">
                <top>405</top>
                <width>1200</width>
                <height>50</height>
                <itemgap>30</itemgap>
                <orientation>horizontal</orientation>
                <align>center</align>
                <control type="image">
                    <height>50</height>
                    <width>130</width>
                    <bordersize>3</bordersize>
                    <aspectratio>keep</aspectratio>
                    <texture>$INFO[ListItem.VideoResolution,badges/video/,.png]</texture>
                </control>
                <control type="image">
                    <visible>!IsEmpty(ListItem.VideoCodec)</visible>
                    <height>50</height>
                    <width>130</width>
                    <bordersize>3</bordersize>
                    <aspectratio>keep</aspectratio>
                    <texture>$INFO[ListItem.VideoCodec,badges/video/,.png]</texture>
                </control>
                <control type="image">
                    <visible>!IsEmpty(ListItem.AudioCodec)</visible>
                    <height>50</height>
                    <width>130</width>
                    <bordersize>3</bordersize>
                    <aspectratio>keep</aspectratio>
                    <texture>$INFO[ListItem.AudioCodec,badges/audio/,.png]</texture>
                </control>
                <control type="image">
                    <visible>!IsEmpty(ListItem.AudioChannels)</visible>
                    <height>50</height>
                    <width>130</width>
                    <bordersize>3</bordersize>
                    <aspectratio>keep</aspectratio>
                    <texture>$INFO[ListItem.AudioChannels,badges/,.png]</texture>
                </control>

                <control type="image">
                    <visible>!IsEmpty(ListItem.FileExtension)</visible>
                    <height>50</height>
                    <width>130</width>
                    <bordersize>3</bordersize>
                    <aspectratio>keep</aspectratio>
                    <texture>$INFO[ListItem.FileExtension,badges/Video/,.png]</texture>
                </control>
            </control>
            <control type="group" description="List Info">
                <posx>0</posx>
                <top>450</top>
                <control type="group">
                    <!--visible>![container.content(tvshows) | container.content(episodes) | SubString(Container.FolderPath,videodb://musicvideos/,left) | Control.HasFocus(10)]</visible-->
                    <include>VisibleFade</include>
                    <control type="list">
                        <posx>400</posx>
                        <top>250</top>
                        <width>900</width>
                        <height>504</height>
                        <onleft>noop</onleft>
                        <onright>noop</onright>
                        <onup>9000</onup>
                        <ondown>9000</ondown>
                        <pagecontrol>-</pagecontrol>
                        <itemlayout height="26">
                            <control type="label">
                                <posx>230</posx>
                                <top>0</top>
                                <width>230</width>
                                <height>45</height>
                                <font>size21</font>
                                <align>right</align>
                                <aligny>center</aligny>
                                <textcolor>gray</textcolor>
                                <selectedcolor>selected</selectedcolor>
                                <info>ListItem.Label</info>
                            </control>
                            <control type="label">
                                <posx>251</posx>
                                <top>0</top>
                                <width>649</width>
                                <height>45</height>
                                <font>size21</font>
                                <aligny>center</aligny>
                                <textcolor>gray</textcolor>
                                <selectedcolor>gray</selectedcolor>
                                <info>ListItem.Label2</info>
                            </control>
                        </itemlayout>
                        <focusedlayout height="26">
                            <control type="label">
                                <posx>230</posx>
                                <top>0</top>
                                <width>230</width>
                                <height>45</height>
                                <font>size21</font>
                                <align>right</align>
                                <aligny>center</aligny>
                                <textcolor>gray</textcolor>
                                <selectedcolor>selected</selectedcolor>
                                <info>ListItem.Label</info>
                            </control>
                            <control type="label">
                                <posx>251</posx>
                                <top>0</top>
                                <width>649</width>
                                <height>45</height>
                                <font>size21</font>
                                <aligny>center</aligny>
                                <textcolor>gray</textcolor>
                                <selectedcolor>gray</selectedcolor>
                                <info>ListItem.Label2</info>
                            </control>
                        </focusedlayout>
                        <content>
                            <item>
                                <label>$LOCALIZE[20376]:</label>
                                <label2>$INFO[ListItem.OriginalTitle]</label2>
                                <onclick>noop</onclick>
                                <visible>!IsEmpty(ListItem.OriginalTitle) + !stringcompare(ListItem.OriginalTitle,Listitem.Title)</visible>
                            </item>
                            <item>
                                <label>$LOCALIZE[20339]:</label>
                                <label2>$INFO[ListItem.Director]</label2>
                                <onclick>SendClick(2003,13)</onclick>
                                <visible>!IsEmpty(ListItem.Director)</visible>
                            </item>
                            <item>
                                <label>$LOCALIZE[20417]:</label>
                                <label2>$INFO[ListItem.Writer]</label2>
                                <onclick>noop</onclick>
                                <visible>!IsEmpty(ListItem.Writer)</visible>
                            </item>
                            <item>
                                <label>$LOCALIZE[572]:</label>
                                <label2>$INFO[ListItem.Studio]</label2>
                                <onclick>noop</onclick>
                                <visible>!IsEmpty(ListItem.Studio)</visible>
                            </item>
                            <item>
                                <label>$LOCALIZE[515]:</label>
                                <label2>$INFO[ListItem.Genre]</label2>
                                <onclick>noop</onclick>
                                <visible>!IsEmpty(ListItem.Genre)</visible>
                            </item>
                            <item>
                                <label>$LOCALIZE[562]:</label>
                                <label2>$INFO[ListItem.Year]</label2>
                                <onclick>noop</onclick>
                                <visible>!IsEmpty(ListItem.Year)</visible>
                            </item>
                            <item>
                                <label>$LOCALIZE[2050]:</label>
                                <label2>$INFO[ListItem.Duration] $LOCALIZE[12391]</label2>
                                <onclick>noop</onclick>
                                <visible>!IsEmpty(ListItem.Duration)</visible>
                            </item>
                            <item>
                                <label>$LOCALIZE[563]:</label>
                                <label2>$INFO[ListItem.RatingAndVotes]</label2>
                                <onclick>noop</onclick>
                                <visible>!IsEmpty(ListItem.RatingAndVotes)</visible>
                            </item>
                            <item>
                                <label>MPAA:</label>
                                <label2>$INFO[ListItem.mpaa]</label2>
                                <onclick>noop</onclick>
                                <visible>!IsEmpty(ListItem.mpaa)</visible>
                            </item>
                            <item>
                                <label>$LOCALIZE[20364]:</label>
                                <label2>$INFO[ListItem.TVShowTitle]</label2>
                                <onclick>noop</onclick>
                                <visible>!IsEmpty(ListItem.TVShowTitle)</visible>
                            </item>
                            <item>
                                <label>$LOCALIZE[20373]:</label>
                                <label2>$INFO[ListItem.Season]</label2>
                                <onclick>noop</onclick>
                                <visible>!IsEmpty(ListItem.Season)</visible>
                            </item>
                            <item>
                                <label>$LOCALIZE[20359]:</label>
                                <label2>$INFO[ListItem.Episode]</label2>
                                <onclick>noop</onclick>
                                <visible>!IsEmpty(ListItem.Episode)</visible>
                            </item>
                            <item>
                                <label>$LOCALIZE[31024]:</label>
                                <label2>$INFO[ListItem.Premiered]</label2>
                                <onclick>noop</onclick>
                                <visible>!IsEmpty(ListItem.Premiered)</visible>
                            </item>
                            <item>
                                <label>$LOCALIZE[561]:</label>
                                <label2>$INFO[ListItem.FileName]</label2>
                                <onclick>noop</onclick>
                                <visible>!IsEmpty(ListItem.FileName)</visible>
                            </item>
                            <item>
                                <label>$LOCALIZE[573]:</label>
                                <label2>[COLOR=]$INFO[ListItem.Path][/COLOR]</label2>
                                <onclick>noop</onclick>
                                <visible>!IsEmpty(ListItem.Path)</visible>
                            </item>
                            <item>
                                <label>$LOCALIZE[557]:</label>
                                <label2>$INFO[ListItem.Artist]</label2>
                                <onclick>noop</onclick>
                                <visible>!IsEmpty(ListItem.Artist)</visible>
                            </item>
                            <item>
                                <label>$LOCALIZE[558]:</label>
                                <label2>$INFO[ListItem.Album]</label2>
                                <onclick>noop</onclick>
                                <visible>!IsEmpty(ListItem.Album)</visible>
                            </item>
                        </content>
                    </control>
                </control>
            </control>
            <control type="grouplist">
                <top>490</top>
                <width>1200</width>
                <ondown>50</ondown>
                <itemgap>10</itemgap>
                <aligny>bottom</aligny>
                <align>center</align>
                <orientation>horizontal</orientation>
                <control type="togglebutton" id="8" description="Play/browse to Show">
                    <height>150</height>
                    <width>150</width>
                    <texturefocus>info/PlayFO.png</texturefocus>
                    <texturenofocus>info/Play.png</texturenofocus>
                    <alttexturefocus>info/BrowseFO.png</alttexturefocus>
                    <alttexturenofocus>info/Browse.png</alttexturenofocus>
                    <usealttexture>Container.Content(TVShows)</usealttexture>
                </control>
                <control type="button" id="299" description="Cinema">
                    <visible>Container.Content(Movies) + system.hasaddon(script.cinema.experience)</visible>
                    <height>150</height>
                    <width>150</width>
                    <texturefocus>info/CinemaFO.png</texturefocus>
                    <texturenofocus>info/Cinema.png</texturenofocus>
                    <onclick>Dialog.Close(all,true)</onclick>
                    <onclick>Playlist.Clear</onclick>
                    <onclick>RunScript(script.cinema.experience)</onclick>
                </control>
                <control type="button" id="11" description="Trailer">
                    <height>150</height>
                    <width>150</width>
                    <texturefocus>info/trailerFO.png</texturefocus>
                    <texturenofocus>info/trailer.png</texturenofocus>
                    <visible>!IsEmpty(ListItem.Trailer)</visible>
                </control>
                <control type="button" id="6" description="Refresh">
                    <height>150</height>
                    <width>150</width>
                    <texturefocus>info/refreshFO.png</texturefocus>
                    <texturenofocus>info/refresh.png</texturenofocus>
                </control>
                <control type="button" id="10" description="Get Art">
                    <height>150</height>
                    <width>150</width>
                    <texturefocus>info/getartFO.png</texturefocus>
                    <texturenofocus>info/getart.png</texturenofocus>
                </control>
            </control>
        </control>
        <control type="fixedlist" id="50">
            <posx>-130</posx>
            <top>700</top>
            <width>1170</width>
            <height>400</height>
            <onleft>noop</onleft>
            <onright>noop</onright>
            <onup>8</onup>
            <ondown>noop</ondown>
            <viewtype>ActorsandRoles</viewtype>
            <focusposition>2</focusposition>
            <movement>-</movement>
            <orientation>horizontal</orientation>
            <scrolltime easing="inout">280</scrolltime>
            <itemlayout width="250" height="400">
                <control type="image" description="Thumb">
                    <posx>15</posx>
                    <top>15</top>
                    <height>320</height>
                    <width>205</width>
                    <aspectratio scalediffuse="false">scale</aspectratio>
                    <texture background="true" diffuse="images/diffuserndinfo.png" fallback="defaultsilo.png">$INFO[ListItem.Thumb]</texture>
                </control>
            </itemlayout>
            <focusedlayout width="250" height="400">
                <control type="image" description="Thumb">
                    <posx>15</posx>
                    <top>15</top>
                    <height>320</height>
                    <width>205</width>
                    <aspectratio scalediffuse="false">scale</aspectratio>
                    <texture background="true" diffuse="images/diffuserounded.png" fallback="defaultsilo.png">$INFO[ListItem.Thumb]</texture>
                </control>
            </focusedlayout>
        </control>
        <control type="group" description="actorsandroles">
            <top>1000</top>
            <visible>control.HasFocus(50)</visible>
            <animation effect="slide" start="0,100" end="0,0" time="200">visiblechange</animation>
            <control type="image">
                <posx>100</posx>
                <height>100</height>
                <width>790</width>
                <texture>images/white.png</texture>
                <colordiffuse>AAFFFFFF</colordiffuse>
            </control>
            <control type="label" description="Media details">
                <posx>120</posx>
                <width>750</width>
                <align>center</align>
                <textcolor>Silver</textcolor>
                <font>size26</font>
                <label>$INFO[Container(50).ListItem.Label]</label>
            </control>
        </control>
        <control type="image" description="line central">
            <top>690</top>
            <height>1</height>
            <width>1920</width>
            <texture>lines/Line.png</texture>
        </control>
    </controls>
</window>
