<?xml version="1.0" encoding="UTF-8"?>
<window type="window" id="2000">
    <defaultcontrol always="false">3</defaultcontrol>
    <backgroundcolor>background</backgroundcolor>
    <allowoverlay>yes</allowoverlay>
    <include>OpenClose</include>
    <controls>
        <include>BlackBackground</include>
        <control type="label" id="1" description="Header label">
            <include>HeadingR</include>
            <label>13406</label>
        </control>
        <control type="group" description="Group 3 Plain list">
            <control type="image">
                <left>230</left>
                <centery>540</centery>
                <width>500</width>
                <height>700</height>
                <aspectratio>keep</aspectratio>
                <info>ListItem.Thumb</info>
            </control>
            <control type="label">
                <left>30</left>
                <width>900</width>
                <height>80</height>
                <font>size42B</font>
                <align>center</align>
                <label>$INFO[ListItem.Label]</label>
            </control>
            <control type="group">
                <posx>1020</posx>
                <top>150</top>
                <control type="list" id="3">
                    <width>802</width>
                    <height>888</height>
                    <onleft>5</onleft>
                    <onright>60</onright>
                    <onup>3</onup>
                    <ondown>3</ondown>
                    <pagecontrol>60</pagecontrol>
                    <scrolltime tween="sine" easing="inout">280</scrolltime>
                    <itemlayout width="802" height="81">
                        <control type="label" description="Main Label">
                            <visible>!ListItem.IsFolder</visible>
                            <width>765</width>
                            <include>52MainLabel</include>
                            <selectedcolor>blue</selectedcolor>
                            <label>$INFO[ListItem.Label]</label>
                        </control>
                        <control type="label" description="Main Label">
                            <visible>ListItem.IsFolder</visible>
                            <include>52MainLabel</include>
                            <selectedcolor>blue</selectedcolor>
                            <label>$INFO[ListItem.Label]</label>
                        </control>
                    </itemlayout>
                    <focusedlayout width="802" height="81">
                        <control type="image">
                            <width>802</width>
                            <height>81</height>
                            <texture>images/white.png</texture>
                            <colordiffuse>$VAR[diffuseselect]</colordiffuse>
                        </control>
                        <control type="label" description="Main Label">
                            <visible>!ListItem.IsFolder</visible>
                            <width>765</width>
                            <include>52MainLabel</include>
                            <selectedcolor>blue</selectedcolor>
                            <label>$INFO[ListItem.Label]</label>
                        </control>
                        <control type="label" description="Main Label">
                            <visible>ListItem.IsFolder</visible>
                            <include>52MainLabel</include>
                            <selectedcolor>blue</selectedcolor>
                            <label>$INFO[ListItem.Label]</label>
                        </control>
                    </focusedlayout>
                </control>
            </control>
        </control>
        <control type="group" description="Group 6 Thumbs">
            <control type="group" description="Slider and List">
                <posx>1020</posx>
                <top>140</top>
                <control type="list" id="6">
                    <width>802</width>
                    <height>886</height>
                    <onleft>5</onleft>
                    <onright>60</onright>
                    <onup>6</onup>
                    <ondown>6</ondown>
                    <pagecontrol>60</pagecontrol>
                    <movement>3</movement>
                    <scrolltime>250</scrolltime>
                    <itemlayout width="802" height="111">
                        <control type="image">
                            <height>111</height>
                            <width>111</width>
                            <bordersize>6</bordersize>
                            <texture>$INFO[ListItem.Icon]</texture>
                            <aspectratio>keep</aspectratio>
                        </control>
                        <control type="group">
                            <visible>!IsEmpty(ListItem.Property(Addon.Summary))</visible>
                            <control type="label" description="Main Label">
                                <include>BigListTitle</include>
                                <label>$INFO[ListItem.Label] - $INFO[ListItem.Label2]</label>
                            </control>
                            <control type="label" description="Label2">
                                <width>640</width>
                                <include>BigListDetails</include>
                                <label>$INFO[ListItem.Property(Addon.Summary)]</label>
                            </control>
                        </control>
                        <control type="group">
                            <visible>IsEmpty(ListItem.Property(Addon.Summary))</visible>
                            <control type="label" description="Main Label">
                                <include>BigListTitle</include>
                                <label>$INFO[ListItem.Label]</label>
                            </control>
                            <control type="label" description="Label2">
                                <width>640</width>
                                <include>BigListDetails</include>
                                <label>$INFO[ListItem.Label2]</label>
                            </control>
                        </control>
                        <control type="image">
                            <width>802</width>
                            <height>1</height>
                            <texture>lines/Line.png</texture>
                        </control>
                    </itemlayout>
                    <focusedlayout width="802" height="111">
                        <control type="image">
                            <width>802</width>
                            <height>111</height>
                            <texture colordiffuse="$VAR[diffuseselect]">images/white.png</texture>
                        </control>
                        <control type="image">
                            <height>111</height>
                            <width>111</width>
                            <bordersize>6</bordersize>
                            <texture>$INFO[ListItem.Icon]</texture>
                            <aspectratio>keep</aspectratio>
                        </control>
                        <control type="group">
                            <visible>!IsEmpty(ListItem.Property(Addon.Summary))</visible>
                            <control type="label" description="Main Label">
                                <include>BigListTitleFO</include>
                                <label>$INFO[ListItem.Label] - $INFO[ListItem.Label2]</label>
                            </control>
                            <control type="label" description="Label2">
                                <width>640</width>
                                <include>BigListDetailsFO</include>
                                <label>$INFO[ListItem.Property(Addon.Summary)]</label>
                            </control>
                        </control>
                        <control type="group">
                            <visible>IsEmpty(ListItem.Property(Addon.Summary))</visible>
                            <control type="label" description="Main Label">
                                <include>BigListTitleFO</include>
                                <label>$INFO[ListItem.Label]</label>
                            </control>
                            <control type="label" description="Label2">
                                <width>640</width>
                                <include>BigListDetailsFO</include>
                                <label>$INFO[ListItem.Label2]</label>
                            </control>
                        </control>
                        <control type="image">
                            <width>802</width>
                            <height>1</height>
                            <texture>lines/Line.png</texture>
                        </control>
                    </focusedlayout>
                </control>
            </control>
        </control>
        <control type="group" description="Thumbs">
            <posx>270</posx>
            <top>315</top>
            <control type="image" description="Item Thumb">
                <width>450</width>
                <height>450</height>
                <fadetime>200</fadetime>
                <texture>$INFO[Container(6).ListItem.Icon]</texture>
                <aspectratio>keep</aspectratio>
            </control>
        </control>
        <control type="group" description="Button 5">
            <control type="button" id="5" description="decision button">
                <top>970</top>
                <height>110</height>
                <width>960</width>
                <font>size36</font>
                <texturefocus colordiffuse="$VAR[diffuseselect]">images/white.png</texturefocus>
                <label>-</label>
                <onleft>3</onleft>
                <onright>3</onright>
                <onup>3</onup>
                <ondown>3</ondown>
            </control>
            <control type="image" description="loopnf">
                <visible>Control.IsVisible(5)</visible>
                <animation effect="fade" end="50" condition="!Control.HasFocus(5)" reversible="false">Conditional</animation>
                <posx>120</posx>
                <top>990</top>
                <width>48</width>
                <height>81</height>
                <texture>images/loop.png</texture>
                <aspectratio>keep</aspectratio>
            </control>
        </control>
        <control type="image">
            <posx>960</posx>
            <width>1</width>
            <height>1080</height>
            <texture>lines/LineV.png</texture>
        </control>
        <control type="image">
            <top>970</top>
            <width>960</width>
            <height>1</height>
            <texture>lines/Line.png</texture>
        </control>
        <control type="scrollbar" id="60">
            <posx>39r</posx>
            <top>135</top>
            <height>870</height>
            <onleft>3</onleft>
            <onright>noop</onright>
        </control>
    </controls>
</window>
