<?xml version="1.0" encoding="UTF-8"?>
<window id="132">
    <defaultcontrol always="true">3</defaultcontrol>
    <allowoverlay>no</allowoverlay>
    <backgroundcolor>background</backgroundcolor>
    <include>DialogOpenCloseVisible</include>
    <controls>
        <control type="image">
            <posx>250</posx>
            <top>-100</top>
            <width>1420</width>
            <height>1280</height>
            <texture border="150">images/Dialog.png</texture>
        </control>
        <control type="group">
            <posx>0</posx>
            <top>40</top>
            <control type="label" description="Directory Contains">
                <posx>440</posx>
                <align>left</align>
                <height>62</height>
                <font>size39B</font>
                <width>1020</width>
                <label>$LOCALIZE[20344] :</label>
            </control>
            <control type="image" description="Splitter">
                <posx>500</posx>
                <top>70</top>
                <height>1</height>
                <width>1035</width>
                <texture>lines/LineR.png</texture>
            </control>
            <control type="spincontrolex" id="3" description="Content Type">
                <posx>1100</posx>
                <top></top>
                <width>400</width>
                <height>62</height>
                <font>-</font>
                <label>-</label>
                <align>right</align>
                <onup>29</onup>
                <ondown>4</ondown>
                <onleft>noop</onleft>
                <onright>noop</onright>
                <textoffsetx>20</textoffsetx>
                <texturenofocus>-</texturenofocus>
            </control>
            <control type="label" description="Content Type Label">
                <posx>1100</posx>
                <textoffsetx>20</textoffsetx>
                <width>760</width>
                <height>62</height>
                <align>left</align>
                <label>$INFO[Control.GetLabel(3)]</label>
            </control>
            <control type="list" id="4" description="Scraper list">
                <posx>705</posx>
                <top>90</top>
                <width>810</width>
                <height>210</height>
                <onup>3</onup>
                <onleft>5</onleft>
                <onright>3</onright>
                <ondown>5</ondown>
                <itemlayout height="69" width="810">
                    <control type="label">
                        <posx>30</posx>
                        <width>750</width>
                        <height>69</height>
                        <info>ListItem.Label</info>
                    </control>
                </itemlayout>
                <focusedlayout height="69" width="810">
                    <control type="image">
                        <visible>Control.HasFocus(4)</visible>
                        <top>0</top>
                        <width>810</width>
                        <height>69</height>
                        <texture colordiffuse="$VAR[diffuseselect]">images/buttonselect2.png</texture>
                    </control>
                    <control type="label">
                        <posx>30</posx>
                        <width>750</width>
                        <height>69</height>
                        <info>ListItem.Label</info>
                    </control>
                </focusedlayout>
            </control>
            <control type="image" description="Splitter">
                <posx>382</posx>
                <top>390</top>
                <height>1</height>
                <width>1200</width>
                <texture>lines/LineL.png</texture>
            </control>
            <control type="grouplist" id="5" description="Control Area">
                <left>430</left>
                <top>410</top>
                <width>1080</width>
                <height>450</height>
                <itemgap>3</itemgap>
                <onup>4</onup>
                <ondown>6</ondown>
                <onleft>noop</onleft>
                <onright>noop</onright>
                <orientation>vertical</orientation>
            </control>
            <control type="button" id="7" description="Button Default">
                <width>1080</width>
                <align>left</align>
            </control>
            <control type="radiobutton" id="8" description="RadioButton">
                <width>1080</width>
                <align>left</align>
                <radioposx>1020</radioposx>
            </control>
            <control type="button" id="6" description="Settings">
                <left>430</left>
                <top>795</top>
                <width>1080</width>
                <height>75</height>
                <align>center</align>
                <label>$LOCALIZE[5]</label>
                <onup>5</onup>
                <onleft>28</onleft>
                <onright>29</onright>
                <ondown>28</ondown>
            </control>
            <control type="image" description="Splitter">
                <posx>415</posx>
                <top>885</top>
                <height>1</height>
                <width>1120</width>
                <texture>lines/LineR.png</texture>
            </control>
            <control type="grouplist">
                <centerx>960</centerx>
                <top>903</top>
                <align>center</align>
                <orientation>horizontal</orientation>
                <itemgap>20</itemgap>
                <control type="button" id="28" description="OK">
                    <width>330</width>
                    <label>186</label>
                    <onleft>noop</onleft>
                    <onright>29</onright>
                    <onup>6</onup>
                    <ondown>3</ondown>
                </control>
                <control type="button" id="29" description="Cancel">
                    <width>330</width>
                    <label>222</label>
                    <onleft>28</onleft>
                    <onright>noop</onright>
                    <onup>6</onup>
                    <ondown>3</ondown>
                </control>
            </control>
        </control>
        <control type="image" description="Addon Icon">
            <posx>430</posx>
            <top>150</top>
            <width>230</width>
            <height>230</height>
            <texture fallback="DefaultAddonNone.png">$INFO[ListItem.Icon]</texture>
            <aspectratio aligny="top">scale</aspectratio>
            <bordertexture border="3">images/ThumbBorder3.png</bordertexture>
            <bordersize>1</bordersize>
        </control>
    </controls>
</window>
