<?xml version="1.0" encoding="UTF-8"?>
<window id="139">
    <defaultcontrol always="true">5</defaultcontrol>
    <allowoverlay>no</allowoverlay>
    <backgroundcolor>background</backgroundcolor>
    <include>DialogOpenClose</include>
    <controls>
        <control type="image">
            <posx>260</posx>
            <top>-80</top>
            <width>1400</width>
            <height>1240</height>
            <texture border="150">images/Dialog.png</texture>
        </control>
        <control type="label" description="Heading">
            <posx>0</posx>
            <top>60</top>
            <width>1920</width>
            <label>13406</label>
            <font>size39B</font>
            <align>center</align>
        </control>
        <control type="group">
            <posx>495</posx>
            <top>60</top>
            <control type="list" id="5">
                <posx>-30</posx>
                <top>120</top>
                <width>930</width>
                <height>770</height>
                <onleft>noop</onleft>
                <onright condition="Skin.HasSetting(Scrollbars_Active)">60</onright>
                <onright condition="!Skin.HasSetting(Scrollbars_Active)">9000</onright>
                <onup>noop</onup>
                <ondown>noop</ondown>
                <pagecontrol>60</pagecontrol>
                <itemlayout height="70">
                    <control type="label">
                        <posx>30</posx>
                        <height>70</height>
                        <width>405</width>
                        <scroll>false</scroll>
                        <info>ListItem.Label</info>
                    </control>
                    <control type="label">
                        <posx>900</posx>
                        <height>70</height>
                        <width>435</width>
                        <align>right</align>
                        <scroll>false</scroll>
                        <font>size26</font>
                        <info>ListItem.Label2</info>
                    </control>
                </itemlayout>
                <focusedlayout height="70">
                    <control type="image">
                        <height>70</height>
                        <width>930</width>
                        <texture border="8">images/Buttonselect.png</texture>
                    </control>
                    <control type="label">
                        <posx>30</posx>
                        <height>70</height>
                        <width>405</width>
                        <info>ListItem.Label</info>
                    </control>
                    <control type="label">
                        <posx>900</posx>
                        <height>70</height>
                        <width>435</width>
                        <align>right</align>
                        <font>size26</font>
                        <info>ListItem.Label2</info>
                    </control>
                </focusedlayout>
            </control>
        </control>
        <control type="scrollbar" id="60">
            <posx>1446</posx>
            <top>180</top>
            <height>770</height>
            <onleft>5</onleft>
            <onright>noop</onright>
        </control>
    </controls>
</window>
