<?xml version="1.0" encoding="UTF-8"?>
<window id="136">
    <coordinates>
        <posx>0</posx>
        <top>0</top>
    </coordinates>
    <include>OpenClose</include>
    <controls>
        <control type="image" description="Busy BG">
            <posx>0</posx>
            <top>0</top>
            <width>1920</width>
            <height>1080</height>
            <texture>busy/BusyBG.png</texture>
            <aspectratio>stretch</aspectratio>
        </control>
        <control type="group">
            <posx>832</posx>
            <top>412</top>
            <control type="multiimage" description="Busy animation">
                <width>256</width>
                <height>256</height>
                <imagepath>busy/multi</imagepath>
                <timeperimage>85</timeperimage>
                <fadetime>0</fadetime>
                <loop>yes</loop>
                <aspectratio>keep</aspectratio>
            </control>
        </control>
        <control type="progress" id="10">
            <posx>735</posx>
            <top>650</top>
            <width>450</width>
            <height>8</height>
            <texturebg>MusicOSD/ProgressBG.png</texturebg>
            <midtexture>MusicOSD/ProgressM.png</midtexture>
            <righttexture>MusicOSD/ProgressR.png</righttexture>
            <lefttexture>MusicOSD/ProgressL.png</lefttexture>
        </control>
    </controls>
</window>
