<?xml version="1.0" encoding="UTF-8"?>
<includes>
    <include name="homepanel">
	
        <item id="601" description="Custom Fvourite">
            <thumb>special://skin/media/images/buttons/home_button.jpg</thumb>
            <label>$INFO[Skin.String(HomeFav.1.Label)]</label>
            <property name="color">images/buttons/home_button.jpg</property>
            <onclick>$INFO[Skin.String(HomeFav.1.Path)]</onclick>
        </item>
        <item id="602" description="Custom Fvourite">
            <thumb>images/buttons/home_button.jpg</thumb>
            <label>Films</label>
            <property name="color">images/buttons/home_button.jpg</property>
            <onclick>ActivateWindow(10025,&quot;plugin://plugin.program.super.favourites/?label=Films&amp;mode=400&amp;path=%2Fstorage%2F.xbmc%2Fuserdata%2Faddon_data%2Fplugin.program.super.favourites%2FSuper%20Favourites%2FFilms&quot;,return)</onclick>
        </item>
        <item id="603" description="Custom Fvourite">
            <thumb>special://skin/icons/series_icon.png</thumb>
            <label>Series</label>
            <property name="color">icons/series_vlak.png</property>
            <onclick>ActivateWindow(10025,&quot;plugin://plugin.program.super.favourites/?label=TV-Series&amp;mode=400&amp;path=%2Fstorage%2F.xbmc%2Fuserdata%2Faddon_data%2Fplugin.program.super.favourites%2FSuper%20Favourites%2FTV-Series&quot;,return)</onclick>
        </item>
        <item id="604" description="Custom Fvourite">
            <thumb>special://skin/icons/sport_icon.png</thumb>
            <label>Sport</label>
            <property name="color">icons/sport_vlak.png</property>
            <onclick>ActivateWindow(10025,&quot;plugin://plugin.program.super.favourites/?label=Sport&amp;mode=400&amp;path=%2Fstorage%2F.xbmc%2Fuserdata%2Faddon_data%2Fplugin.program.super.favourites%2FSuper%20Favourites%2FSport&quot;,return)</onclick>
        </item>
        <item id="605" description="Custom Fvourite">
            <thumb>special://skin/icons/kids_icon.png</thumb>
            <label>Kids</label>
            <property name="color">icons/kids_vlak.png</property>
            <onclick>ActivateWindow(10025,&quot;plugin://plugin.program.super.favourites/?label=Kids%20Zone&amp;mode=400&amp;path=%2Fstorage%2F.xbmc%2Fuserdata%2Faddon_data%2Fplugin.program.super.favourites%2FSuper%20Favourites%2FKids%20Zone&quot;,return)</onclick>
        </item>
        <item id="606" description="Custom Fvourite">
            <thumb>special://skin/icons/liveTV_icon.png</thumb>
            <label>Live</label>
            <property name="color">icons/liveTV_vlak.png</property>
            <onclick>ActivateWindow(10025,&quot;plugin://plugin.program.super.favourites/?label=Live%20TV&amp;mode=400&amp;path=%2Fstorage%2F.xbmc%2Fuserdata%2Faddon_data%2Fplugin.program.super.favourites%2FSuper%20Favourites%2FLive%20TV&quot;,return)</onclick>
        </item>
	<item id="607" description="Custom Fvourite">
          <thumb>special://skin/icons/music_icon.png</thumb>
          <label>Muziek</label>
          <property name="color">icons/music_vlak.png</property>
          <onclick>ActivateWindow(10501,&quot;plugin://plugin.program.super.favourites/?label=Music&amp;mode=400&amp;path=%2Fstorage%2F.xbmc%2Fuserdata%2Faddon_data%2Fplugin.program.super.favourites%2FSuper%20Favourites%2FMusic&quot;,return)</onclick>
        </item>

        <item id="608" description="Custom Fvourite">
          <visible>!Skin.HasSetting(hideprog)</visible>
          <thumb>special://skin/icons/sex_icon.png</thumb>
          <label>XXX</label>
          <property name="color">icons/sex_vlak.png</property>
          <onclick>ActivateWindow(10025,&quot;plugin://plugin.program.super.favourites/?label=XXX&amp;mode=400&amp;path=%2Fstorage%2F.xbmc%2Fuserdata%2Faddon_data%2Fplugin.program.super.favourites%2FSuper%20Favourites%2FXXX&quot;,return)</onclick>
        </item>

        <item id="609" description="Custom Fvourite">
          <thumb>special://skin/icons/Uitzendinggemist_icon.png</thumb>
          <label>Uitzending Gemist</label>
          <property name="color">icons/Uitzendinggemist_vlak.png</property>
          <onclick>ActivateWindow(10025,&quot;plugin://net.rieter.xot/?action=listcategory&amp;category=National&quot;,return,return)</onclick>
        </item>
	<item id="610" description="Custom Fvourite">
          <thumb>special://skin/icons/meer_icon.png</thumb>
          <label>Meer</label>
          <property name="color">icons/meer_vlak.png</property>
          <onclick>ActivateWindow(10025,&quot;plugin://plugin.program.super.favourites/?label=Meer&amp;mode=400&amp;path=%2Fstorage%2F.xbmc%2Fuserdata%2Faddon_data%2Fplugin.program.super.favourites%2FSuper%20Favourites%2FMeer&quot;,return)</onclick>
        </item>


       
        <item id="348">
            <thumb>icons/settings.png</thumb>
            <label>5</label>
            <property name="color">icons/instellingen_vlak.png</property>
            <onclick>ActivateWindow(1120)</onclick>
        </item>
        <item id="349">
            <visible>Player.HasMedia</visible>
            <thumb>icons/full.png</thumb>
            <label>31064</label>
            <property name="color">icons/hover.png</property>
            <onclick condition="Player.HasMedia">Fullscreen</onclick>
        </item>
        <item id="349">
            <visible>!Player.HasMedia + Skin.HasSetting(quitter)</visible>
            <thumb>icons/quits.png</thumb>
            <label>351</label>
            <property name="color">icons/turnoff_vlak.png</property>
            <onclick condition="StringCompare(Skin.String(shutdown),quit)">XBMC.quit()</onclick>
            <onclick condition="StringCompare(Skin.String(shutdown),powerdown)">XBMC.powerdown()</onclick>
            <onclick condition="StringCompare(Skin.String(shutdown),hibernate)">XBMC.hibernate()</onclick>
            <onclick condition="StringCompare(Skin.String(shutdown),suspend)">XBMC.suspend()</onclick>
            <onclick condition="StringCompare(Skin.String(shutdown),reboot)">XBMC.reboot()</onclick>
        </item>
        <item id="349">
            <visible>!Player.HasMedia + !Skin.HasSetting(quitter)</visible>
            <thumb>icons/quits.png</thumb>
            <label>351</label>
            <property name="color">icons/turnoff_vlak.png</property>
            <onclick>ActivateWindow(shutdownmenu)</onclick>
        </item>
    </include>
</includes>