<?xml version="1.0" encoding="UTF-8"?>
<includes>
    <variable name="QuitLabel" description="Label for skin settings Quit function item">
        <value condition="StringCompare(Skin.String(shutdown),quit)">$LOCALIZE[13009]</value>
        <value condition="StringCompare(Skin.String(shutdown),powerdown)">$LOCALIZE[13005]</value>
        <value condition="StringCompare(Skin.String(shutdown),hibernate)">$LOCALIZE[13010]</value>
        <value condition="StringCompare(Skin.String(shutdown),suspend)">$LOCALIZE[13011]</value>
        <value condition="StringCompare(Skin.String(shutdown),reboot)">$LOCALIZE[13013]</value>
    </variable>

    <variable name="ShelfLogo">
        <value condition="Skin.HasSetting(CustomImage)">images/logo.png</value>
    </variable>

    <variable name="Fanartdisplaystatus" description="Label2 for music playing FA">
        <value condition="Skin.HasSetting(MusicPlayingFanart)">$LOCALIZE[449]</value>
        <value>$LOCALIZE[13113]</value>
    </variable>
    <variable name="WatchStatus" description="status">
        <value condition="ListItem.IsResumable">$INFO[ListItem.Overlay,overlay/]</value>
        <value>$INFO[ListItem.Overlay]</value>
    </variable>
    <variable name="RootLabel" description="Windows Name and Items details">
        <value condition="Container.content(movies) + StringCompare(Container.FolderName,$LOCALIZE[369])">$LOCALIZE[20342]</value>
        <value condition="Container.content(tvshows) + StringCompare(Container.FolderName,$LOCALIZE[369])">$LOCALIZE[20343]</value>
        <value condition="Container.content(musicvideos) + StringCompare(Container.FolderName,$LOCALIZE[369])">$LOCALIZE[20389]</value>
        <value condition="Window.IsActive(SkinSettings)">$LOCALIZE[5] - STREAMBOXIII</value>
        <value condition="Window.IsActive(Settings.xml)">$LOCALIZE[5]</value>
        <value condition="Window.IsActive(AddonBrowser.xml) + IsEmpty(Container.FolderName)">$LOCALIZE[31037]</value>
        <value condition="Window.IsActive(MyVideoPlaylist.xml)">$LOCALIZE[20012]</value>
        <value condition="Window.IsActive(MyMusicPlaylist.xml)">$LOCALIZE[20011]</value>
        <value condition="Window.IsActive(DialogVideoInfo.xml)">$LOCALIZE[20159]</value>
        <value condition="Window.IsActive(DialogAlbumInfo.xml) + container.content(albums)">$LOCALIZE[13351]</value>
        <value condition="Window.IsActive(DialogAlbumInfo.xml) + container.content(artists)">$LOCALIZE[21891]</value>
        <value condition="Window.IsActive(DialogSongInfo.xml) + container.content(songs)">$LOCALIZE[658]</value>
        <value condition="Window.IsActive(DialogAddonInfo.xml)">$LOCALIZE[24003]</value>
        <value condition="Window.IsActive(weather)">$INFO[Window(Weather)]</value>
        <value condition="Window.IsActive(MyPics.xml)">$LOCALIZE[1]</value>
        <value condition="Window.IsActive(MyPVR.xml) + [Control.HasFocus(13) | Control.HasFocus(34) | Control.HasFocus(14) | Control.HasFocus(35) | Control.HasFocus(17) | Control.HasFocus(36)]">$INFO[Control.GetLabel(29)]</value>
        <value condition="Window.IsActive(MyPVR.xml)">$INFO[Control.GetLabel(30)]</value>
        <value condition="Window.IsActive(1717)">$LOCALIZE[31069]</value>
        <value condition="Window.IsActive(1113)">Watchlists</value>
        <value condition="IsEmpty(Container.FolderName)">$INFO[System.CurrentWindow]</value>
        <value>$INFO[ListItem.Property(Super_Favourites_Folder)]</value>
    </variable>

    <variable name="TopLabel" description="INFOS">
        <value condition="!Container.content(Addons) + Window.IsActive(MyPics.xml)">$INFO[ListItem.Date,, • ]$INFO[ListItem.Size]</value>
        <value condition="Container.content(Albums)">$INFO[ListItem.Label]</value>
        <value condition="Container.Content(Episodes)">$INFO[ListItem.Premiered,, • ]$INFO[ListItem.Duration,, $LOCALIZE[12391]]</value>
        <value condition="Container.Content(Addons)">$INFO[ListItem.Property(Addon.Creator),  ]</value>
        <value condition="Container.Content(songs)">$INFO[ListItem.Album]</value>
        <value condition="Container.Content(MusicVideos)">$INFO[ListItem.Label]</value>
        <value condition="SubString(ListItem.Path,videodb://movies/sets/)">$INFO[ListItem.Year]</value>
        <value condition="Container.Content(Movies) + IsEmpty(ListItem.Trailer)">$INFO[ListItem.Year,, • ]$INFO[ListItem.Duration,, $LOCALIZE[31038]]$INFO[ListItem.MPAA, • ]</value>
        <value condition="Container.Content(Movies) + !IsEmpty(ListItem.Trailer)">$INFO[ListItem.Year,, • ]$INFO[ListItem.Duration,, $LOCALIZE[31038]] • $LOCALIZE[20410, • ]$INFO[ListItem.MPAA, • ]</value>
        <value condition="Container.Content(Seasons) | Container.Content(TVShows)">$INFO[ListItem.Year,, • ]$INFO[ListItem.Property(TotalEpisodes),, $LOCALIZE[20453]]$INFO[ListItem.MPAA, • ]</value>
        <value>$INFO[ListItem.Label2]</value>
    </variable>
    <!--variable name="MPAAS">
     <value condition="substring(ListItem.MPAA,TV)">$INFO[ListItem.MPAA]</value>
     <value condition="substring(ListItem.MPAA,PG-13)">PG-13</value>
     <value condition="substring(ListItem.MPAA,Rated R)">R</value>
     <value condition="StringCompare(ListItem.MPAA,R)">R</value>
     <value condition="substring(ListItem.MPAA,PG)">PG</value>
     <value condition="substring(ListItem.MPAA,NC-17)">NC-17</value>
     <value condition="substring(ListItem.MPAA,G)">G</value>
     <value>NA</value>
   </variable-->
    <variable name="Plots">
        <value condition="Container.content(addons) + !IsEmpty(ListItem.Property(Addon.Description))">$INFO[ListItem.Property(Addon.Description)]</value>
        <value condition="SubString(ListItem.Path,videodb://movies/sets/)">$LOCALIZE[20457]</value>
        <value condition="[Container.Content(Movies) | Container.Content(TVShows) | Container.Content(Episodes)] + !IsEmpty(ListItem.Plot)">$INFO[ListItem.Plot]</value>
        <value condition="Container.Content(Seasons) + !IsEmpty(Container.ShowPlot)">$INFO[Container.ShowPlot]</value>
        <value condition="Container.Content(albums) + !IsEmpty(ListItem.Property(Album_Description))">$INFO[ListItem.Property(Album_Description)]</value>
        <value condition="Container.Content(artists) + !IsEmpty(ListItem.Property(Artist_Description))">$INFO[ListItem.Property(Artist_Description)]</value>
        <value condition="!IsEmpty(ListItem.Plot)">$INFO[ListItem.Plot]</value>
    </variable>
    <variable name="pvrosd" description="pvrOSDchoiche">
        <value condition="Skin.HasSetting(osdch)">$LOCALIZE[19069]</value>
        <value >$LOCALIZE[19019]</value>
    </variable>
    <variable name="helptext">
        <value condition="Controlgroup(575).HasFocus(1)">$LOCALIZE[31018]</value>
        <value condition="Controlgroup(575).HasFocus(2)">$LOCALIZE[21383]</value>
        <value condition="Controlgroup(575).HasFocus(3)">$LOCALIZE[31017]</value>
        <value condition="Controlgroup(575).HasFocus(4)">$LOCALIZE[31086]</value>
        <value condition="Controlgroup(575).HasFocus(5)">$LOCALIZE[31008]</value>
        <value condition="Controlgroup(575).HasFocus(6)">$LOCALIZE[31046]</value>
        <!--<value condition="Controlgroup(575).HasFocus(7)">$LOCALIZE[31086]</value>-->
        <value condition="Controlgroup(575).HasFocus(8)">$LOCALIZE[31022]</value>
        <value condition="Controlgroup(575).HasFocus(9)">$LOCALIZE[31019]</value>
        <value condition="Controlgroup(575).HasFocus(10)">$LOCALIZE[31003]</value>
        <value condition="Controlgroup(575).HasFocus(11)">$LOCALIZE[31029]</value>
        <value condition="Controlgroup(575).HasFocus(12)">$LOCALIZE[31031]</value>
        <value condition="Controlgroup(575).HasFocus(13)">$LOCALIZE[31039]</value>
        <value condition="Controlgroup(575).HasFocus(15)">$LOCALIZE[31089]</value>
        <!--<value condition="Controlgroup(575).HasFocus(20)">$LOCALIZE[31089]</value>-->
        <!--<value condition="Controlgroup(575).HasFocus(13)"></value>-->
    </variable>
    <variable name="settingsmain">
        <value condition="Container(575).HasFocus(1)">$LOCALIZE[31079]</value>
        <value condition="Container(575).HasFocus(3)">$LOCALIZE[31077]</value>
        <value condition="Container(575).HasFocus(4)">$LOCALIZE[31063]</value>
        <value condition="Container(575).HasFocus(5)">$LOCALIZE[31091]</value>
        <value condition="Container(575).HasFocus(8)">$LOCALIZE[31092]</value>
        <value condition="Container(575).HasFocus(9)">$LOCALIZE[31093]</value>
        <value condition="Container(575).HasFocus(10)">$LOCALIZE[31094]</value>
        <value condition="Container(575).HasFocus(14)">$LOCALIZE[31090]</value>
        <value condition="Container(575).HasFocus(2)">$LOCALIZE[31095]</value>
    </variable>
    <variable name="settingsmainico">
        <value condition="Container(575).HasFocus(1)">help/appearence.png</value>
        <value condition="Container(575).HasFocus(3)">icons/movies.png</value>
        <value condition="Container(575).HasFocus(4)">icons/music.png</value>
        <value condition="Container(575).HasFocus(14)">icons/livetv.png</value>
        <value condition="Container(575).HasFocus(5)">icons/photos.png</value>
        <value condition="Container(575).HasFocus(8)">help/weather.png</value>
        <value condition="Container(575).HasFocus(9)">help/wireless.png</value>
        <value condition="Container(575).HasFocus(10)">icons/settings.png</value>
        <value condition="Container(575).HasFocus(2)">help/skinsettings.png</value>
        <value condition="Container(575).HasFocus(13)">icons/addons.png</value>
        <value condition="Container(575).HasFocus(6)">help/infos.png</value>
        <value condition="Container(575).HasFocus(7)">help/Warning.png</value>
    </variable>
    <variable name="nowplay">
        <value condition="Pvr.IsPlayingTV">$INFO[]</value>
        <value condition="IsEmpty(Player.Art(tvshow.poster))">$INFO[VideoPlayer.Cover]</value>
        <value>$INFO[Player.Art(tvshow.poster)]</value>
    </variable>
    <variable name="Locandine">
        <value condition="Container.Content(episodes) + !IsEmpty(ListItem.Art(tvshow.poster))">$INFO[ListItem.Art(tvshow.poster)]</value>
        <value condition="!IsEmpty(ListItem.Art(poster))">$INFO[ListItem.Art(poster)]</value>
        <value>$INFO[ListItem.Icon]</value>
    </variable>

    <variable name="dvdbox">
        <value condition="ListItem.IsStereoscopic">images/dvdbox3d.png</value>
        <value>images/dvdbox.png</value>
    </variable>
    <variable name="fanart">
        <value condition="StringCompare(ListItem.Label,..) + !IsEmpty(Skin.String(CustomBgHome))">$INFO[Skin.String(CustomBgHome)]</value>
        <value condition="IsEmpty(ListItem.Art(fanart)) | Container.Content(Albums) | Container.Content(episodes)">$INFO[ListItem.Icon]</value>
        <value>$INFO[ListItem.Art(fanart)]</value>
    </variable>
    <variable name="bgimg">
        <value condition="!IsEmpty(Skin.String(CustomBgHome)) + !Window.IsActive(DialogVideoInfo.xml) + IsEmpty(ListItem.Art(fanart))">$INFO[Skin.String(CustomBgHome)]</value>
        <value condition="!IsEmpty(ListItem.Art(fanart))">$INFO[ListItem.Art(fanart)]</value>
        <value>special://skin/backgrounds/light_texture.jpg</value>
    </variable>
    <variable name="filebrowserthumb">
        <value condition="SubString(Control.GetLabel(412),jpg) | SubString(Control.GetLabel(412),png)">$INFO[Control.GetLabel(412)]</value>
        <value>$INFO[ListItem.Icon]</value>
    </variable>

    <variable name="diffuseselect">
        <value condition="StringCompare(ListItem.MPAA,R) | StringCompare(ListItem.MPAA,TV-MA) | SubString(ListItem.MPAA,18)">FFef6e43</value>
        <value condition="SubString(ListItem.MPAA,PG) | StringCompare(ListItem.MPAA,G) | StringCompare(ListItem.MPAA,U) | StringCompare(ListItem.MPAA,T)">FFef6e43</value>
        <value condition="StringCompare(ListItem.MPAA,PG-13) | StringCompare(ListItem.MPAA,12) | StringCompare(ListItem.MPAA,15) | SubString(ListItem.MPAA,14)">FFef6e43</value>
        <value>FFef6e43</value>
    </variable>

    <variable name="diffuseselectshelf">
        <value condition="StringCompare(Container(311).ListItem.MPAA,R) | SubString(Container(311).ListItem.MPAA,18)">FFef6e43</value>
        <value condition="StringCompare(Container(311).ListItem.MPAA,PG) | StringCompare(Container(311).ListItem.MPAA,G) | StringCompare(Container(311).ListItem.MPAA,U) | StringCompare(Container(311).ListItem.MPAA,T)">FFef6e43</value>
        <value condition="StringCompare(Container(311).ListItem.MPAA,PG-13) | StringCompare(Container(311).ListItem.MPAA,12) | StringCompare(Container(311).ListItem.MPAA,15)">FFef6e43</value>
        <value>FFef6e43</value>
    </variable>

    <variable name="shelfmovies">
        <value condition="Skin.HasSetting(MoviesShelfWL)">special://skin/resources/laststarted.xsp</value>
        <value>videodb://recentlyaddedmovies/</value>
    </variable>

     <variable name="musicshelftitle">
        <value condition="StringCompare(Skin.String(MusicShelf),custom)">[B] custom [/B]</value>
        <value condition="StringCompare(Skin.String(MusicShelf),top)">[B] top [/B]</value>
        <value>[B] recent[/B]</value>
    </variable>

    <variable name="musicshelfcontent">
        <value condition="StringCompare(Skin.String(musicshelf),custom)">addons://sources/audio/</value>
        <value condition="StringCompare(Skin.String(Musicshelf),top)">musicdb://top100/songs/</value>
        <value>musicdb://recentlyaddedalbums/</value>
    </variable>
</includes>
