<?xml version="1.0" encoding="UTF-8"?>
<includes>
    <include file="homepanel.xml" />
    <include file="Includes_Variables.xml" />
    <include file="Defaults.xml" />
    <include file="CommonViews.xml" />
      <!--VIDEOVIEWS-->
    <include file="views/fatlist.xml" />
    <include file="views/plainlist.xml" />
    <include file="views/banners.xml" />
    <include file="views/fanart.xml" />
    <include file="views/icons.xml" />
    <include file="views/sio2.xml" />
    <!--VIDEOVIEWS-->
    <include file="views/Musicviews.xml" />
    <include file="PVRviews.xml" />
    <include file="views/Programviews.xml" />
    <include file="Includes_Home.xml" />
    <include file="Shelf_Elements.xml" />
    <include name="VisibleFade">
        <animation effect="fade" start="0" end="100" time="200">visiblechange</animation>
    </include>
    <include name="9000slide">
        <animation effect="slide" start="520,0" end="0,0" time="300" reversible="false">visiblechange</animation>
    </include>
    <include name="BlackBackground">
        <control type="group">
            <visible>![[Container.Content(Addons) | Container.Content(seasons) | Container.Content(tvshows) | Container.Content(episodes) | Container.Content(movies)] + [Control.IsVisible(51) | Control.IsVisible(53)]]</visible>
        <control type="image" description="Default BG">
            <width>1920</width>
            <height>1080</height>
            <texture>images/white.png</texture>
            <colordiffuse>FFFFFFFF</colordiffuse>
        </control>
        <control type="image" description="Default BG">
            <visible>!Window.IsActive(Home.xml)</visible>
            <width>1920</width>
            <height>1080</height>
            <texture background="true">$VAR[bgimg]</texture>
            <aspectratio align="left">scale</aspectratio>
            <colordiffuse>33FFFFFF</colordiffuse>
        </control>
        <control type="image" description="Default BG">
            <visible>Window.IsActive(Home.xml)</visible>
            <width>1920</width>
            <height>1080</height>
            <texture background="true">$VAR[bgimg]</texture>
            <colordiffuse>77FFFFFF</colordiffuse>
        </control>
        </control>
    </include>
    <include name="OpenClose">
        <animation effect="fade" time="150">WindowOpen</animation>
        <animation effect="fade" time="150">WindowClose</animation>
    </include>
    <include name="DialogOpenClose">
        <animation type="WindowOpen">
            <effect type="fade" start="0" end="100" time="240" />
            <effect type="zoom" tween="cubic" easing="out" start="30" end="100" center="960,540" time="240" />
        </animation>
        <animation type="WindowClose">
            <effect type="fade" start="100" end="0" time="140" />
            <effect type="zoom" tween="cubic" easing="in" start="100" end="30" center="960,540" time="140" />
        </animation>
    </include>
    <include name="DialogOpenCloseVisible">
        <animation type="Visible">
            <effect type="fade" start="0" end="100" time="240" />
            <effect type="zoom" tween="cubic" easing="out" start="30" end="100" center="960,340" time="240" />
        </animation>
        <animation type="Hidden">
            <effect type="fade" start="100" end="0" time="140" />
            <effect type="zoom" tween="cubic" easing="in" start="100" end="30" center="960,340" time="140" />
        </animation>
    </include>
    <include name="Fanart_Fade">
        <fadetime>320</fadetime>
        <animation effect="fade" time="320">Visible</animation>
        <animation effect="fade" time="280">Hidden</animation>
    </include>
    <include name="Icon_Fade">
        <fadetime>200</fadetime>
        <animation effect="fade" time="200">Visible</animation>
        <animation effect="fade" time="100">Hidden</animation>
    </include>
    <include name="HiddenButton">
        <posx>-30</posx>
        <top>-30</top>
        <width>1</width>
        <height>1</height>
        <label>-</label>
        <texturenofocus>-</texturenofocus>
        <texturefocus>-</texturefocus>
    </include>
    <include name="Heading">
        <posx>330</posx>
        <top>0</top>
        <align>center</align>
        <aligny>center</aligny>
        <width>1260</width>
        <height>75</height>
        <textcolor>black</textcolor>
        <font>size42</font>
    </include>
    <include name="HeadingL">
        <left>0</left>
        <top>20</top>
        <align>left</align>
        <aligny>center</aligny>
        <width>1110</width>
        <height>45</height>
        <textcolor>black</textcolor>
        <font>size42</font>
    </include>
    <include name="HeadingR">
        <left>960</left>
        <top>50</top>
        <width>960</width>
        <height>75</height>
        <align>center</align>
        <aligny>bottom</aligny>
        <textcolor>black</textcolor>
        <font>size42</font>
    </include>
    <include name="Dimensions_Fullscreen">
        <posx>0</posx>
        <top>0</top>
        <width>1920</width>
        <height>1080</height>
    </include>

    <include name="WindowsTopInfos">
        <control type="group">
            <control type="image">
                <visible>System.InternetState + !Skin.HasSetting(hideconnection)</visible>
                <posx>55r</posx>
                <width>30</width>
                <height>75</height>
                <texture>wireless.png</texture>
            </control>
            <control type="image">
                <visible>!System.InternetState + !Skin.HasSetting(hideconnection)</visible>
                <posx>55r</posx>
                <width>30</width>
                <height>75</height>
                <texture>wireless.png</texture>
                <colordiffuse>44FFFFFF</colordiffuse>
            </control>
            <control type="label" description="Clock">
                <visible>!Skin.HasSetting(HideClock)</visible>
                <posx>60r</posx>
                <width>195</width>
                <height>75</height>
                <align>right</align>
                <aligny>center</aligny>
                <font>size30</font>
                <textcolor>White</textcolor>
                <label>$INFO[System.Time]</label>
            </control>
        </control>
        <!--VIEWTOPINFOS-->
        <control type="grouplist">
            <animation condition="Control.IsVisible(575)" effect="slide" end="0,-30">Conditional</animation>
            <animation condition="Control.IsVisible(52)" effect="slide" end="220,0">Conditional</animation>
            <animation condition="Control.IsVisible(53)" effect="slide" end="-480,-40">Conditional</animation>
            <animation condition="Control.IsVisible(55)" effect="slide" end="-1250,-40">Conditional</animation>
            <animation condition="Control.IsVisible(500)" effect="slide" end="-1250,-40">Conditional</animation>
            <animation condition="Window.IsActive(myPVR) + [Control.IsVisible(10) | Control.IsVisible(15) | Control.IsVisible(14)]" effect="slide" end="-1250,0">Conditional</animation>
            <top>40</top>
            <centerleft>1440</centerleft>
            <width>560</width>
            <height>75</height>
            <align>center</align>
            <aligny>bottom</aligny>
            <orientation>horizontal</orientation>
            <control type="label" id="7777" description="Heading">
                <width>auto</width>
                <height>75</height>
                <font>Size42</font>
                <scroll>false</scroll>
                <label>$VAR[RootLabel]</label>
            </control>
      
        </control>
        <!--SCROLLLETTER-->
        <control type="group" description="Scroll letter">
            <visible>Container.Scrolling + Control.HasFocus(60)</visible>
            <animation effect="fade" start="0" end="60" time="60" delay="0" reversible="true">Visible</animation>
            <animation effect="fade" start="60" end="0" time="160" delay="260" reversible="true">Hidden</animation>
            <control type="label">
                <width>1920</width>
                <height>1080</height>
                <align>center</align>
                <aligny>center</aligny>
                <font>giant</font>
                <textcolor>white</textcolor>
                <label>$INFO[ListItem.SortLetter]</label>
            </control>
        </control>
        <!--DA FARE-->
        <control type="group" description="Player Info">
            <visible>!Control.HasFocus(340) + Player.HasMedia + ![Window.IsActive(DialogBusy.xml) | Window.IsActive(VideoFullscreen.xml) | Window.IsActive(myPVR.xml)]</visible>
            <visible>!IntegerGreaterThan(Player.Time,8) | !IntegerGreaterThan(Player.TimeRemaining,8)</visible>
            <include>VisibleFade</include>
            <posx>15</posx>
            <top>960</top>
            <control type="image" description="Playing BG">
                <width>390</width>
                <height>105</height>
                <texture border="50">musicOSD/back.png</texture>
            </control>
            <control type="group">
                <control type="image">
                    <posx>15</posx>
                    <top>15</top>
                    <width>75</width>
                    <height>75</height>
                    <texture>$INFO[MusicPlayer.Cover]</texture>
                    <aspectratio>keep</aspectratio>
                </control>
                <control type="image">
                    <posx>15</posx>
                    <top>15</top>
                    <width>75</width>
                    <height>75</height>
                    <texture>$INFO[VideoPlayer.Cover]</texture>
                    <aspectratio>keep</aspectratio>
                </control>
                <control type="label">
                    <posx>105</posx>
                    <top>9</top>
                    <aligny>center</aligny>
                    <width>261</width>
                    <height>36</height>
                    <font>size24</font>
                    <textcolor>black</textcolor>
                    <label>$INFO[MusicPlayer.Title]</label>
                </control>
                <control type="label">
                    <posx>105</posx>
                    <top>36</top>
                    <aligny>center</aligny>
                    <width>261</width>
                    <height>36</height>
                    <font>size21</font>
                    <label>$INFO[MusicPlayer.Artist]</label>
                </control>
                <control type="label">
                    <posx>105</posx>
                    <top>60</top>
                    <aligny>center</aligny>
                    <width>261</width>
                    <height>36</height>
                    <font>size21</font>
                    <label>$INFO[MusicPlayer.Album]</label>
                </control>
                <control type="label">
                    <posx>105</posx>
                    <top>9</top>
                    <aligny>center</aligny>
                    <width>261</width>
                    <height>36</height>
                    <font>size24</font>
                    <textcolor>black</textcolor>
                    <label>$INFO[VideoPlayer.Title]</label>
                </control>
                <control type="label">
                    <posx>105</posx>
                    <top>36</top>
                    <aligny>center</aligny>
                    <width>261</width>
                    <height>36</height>
                    <font>size21</font>
                    <label>$INFO[VideoPlayer.Artist]</label>
                </control>
                <control type="label">
                    <posx>105</posx>
                    <top>60</top>
                    <aligny>center</aligny>
                    <width>261</width>
                    <height>36</height>
                    <font>size21</font>
                    <label>$INFO[VideoPlayer.Album]</label>
                </control>
            </control>
        </control>
    </include>
    <include name="OSDbarIcons">
        <width>68</width>
        <height>68</height>
        <aspectratio aligny="center" align="left">keep</aspectratio>
    </include>
    <include name="OSDbarIcons3D">
        <width>34</width>
        <height>68</height>
        <aspectratio aligny="center" align="left">stretch</aspectratio>
    </include>
    <include name="PVRinfos">
        <control type="image">
            <description>background image</description>
            <posx>-170</posx>
            <top>-150</top>
            <width>1460</width>
            <height>800</height>
            <texture border="150">images/Dialog.png</texture>
            <visible>![Window.IsVisible(FullscreenVideo) | Window.IsVisible(Visualisation)]</visible>
        </control>
        <control type="image">
            <top>110</top>
            <width>1160</width>
            <height>1</height>
            <texture>lines/Line.png</texture>
        </control>
        <control type="image">
            <posx>0</posx>
            <top>370</top>
            <width>1160</width>
            <height>1</height>
            <texture>lines/Line.png</texture>
        </control>
        <control type="label">
            <description>header label</description>
            <posx>20</posx>
            <top>0</top>
            <width>1100</width>
            <height>30</height>
            <font>size26</font>
            <label>$LOCALIZE[19047]</label>
            <align>center</align>
            <aligny>center</aligny>
            <textcolor>White</textcolor>
        </control>
        <control type="label">
            <description>Title label</description>
            <posx>20</posx>
            <top>40</top>
            <width>1100</width>
            <height>30</height>
            <font>size33B</font>
            <label>$INFO[ListItem.Title]</label>
            <align>center</align>
            <aligny>center</aligny>
            <textcolor>Yellow</textcolor>

        </control>
        <control type="label">
            <description>Start time</description>
            <posx>20</posx>
            <top>75</top>
            <width>1100</width>
            <height>25</height>
            <align>center</align>
            <aligny>center</aligny>
            <font>Size26</font>
            <textcolor>gray</textcolor>
            <label>$LOCALIZE[142] $INFO[ListItem.StartTime]</label>
        </control>
        <control type="textbox" id="400">
            <description>Plot value</description>
            <posx>20</posx>
            <top>110</top>
            <width>1080</width>
            <height>260</height>
            <font>size26</font>
            <align>justify</align>
            <pagecontrol>-</pagecontrol>
            <label fallback="161">$INFO[ListItem.Plot]</label>
        </control>
        <control type="label">
            <description>Duration</description>
            <posx>60</posx>
            <top>390</top>
            <width>1000</width>
            <height>25</height>
            <align>center</align>
            <font>size26</font>
            <textcolor>gray</textcolor>
            <label>$LOCALIZE[552]: $INFO[ListItem.StartDate] / $LOCALIZE[19148]: $INFO[ListItem.ChannelName]</label>
        </control>
        <control type="label">
            <description>Duration</description>
            <posx>60</posx>
            <top>420</top>
            <width>1000</width>
            <height>25</height>
            <align>center</align>
            <font>size26</font>
            <textcolor>gray</textcolor>
            <label>$LOCALIZE[180]: $INFO[ListItem.Duration] / $LOCALIZE[135]: $INFO[ListItem.Genre]</label>
        </control>
    </include>
    <include name="User">
        <control type="group">
            <control type="image">
                <top>1000</top>
                <posx>10</posx>
                <width>80</width>
                <height>80</height>
                <texture>$INFO[System.ProfileThumb]</texture>
                <aspectratio>stretch</aspectratio>
            </control>
            <control type="label">
                <top>1000</top>
                <posx>100</posx>
                <width>1800</width>
                <height>80</height>
                <label>$INFO[System.ProfileName]</label>
            </control>
        </control>
    </include>
</includes>
