<?xml version="1.0" encoding="UTF-8"?>
<window id="131">
    <defaultcontrol always="true">5</defaultcontrol>
    <include>OpenClose</include>
    <allowoverlay>no</allowoverlay>
    <backgroundcolor>0xffffffff</backgroundcolor>
    <controls>
        <include>BlackBackground</include>
        <control type="label" description="Header Label">
            <include>HeadingR</include>
            <label>20043</label>
        </control>
        <control type="group">
            <posx>1020</posx>
            <top>147</top>
            <control type="grouplist" id="5">
                <width>802</width>
                <height>810</height>
                <itemgap>0</itemgap>
                <aligny>top</aligny>
                <orientation>vertical</orientation>
                <onleft>noop</onleft>
                <onright>noop</onright>
                <onup>29</onup>
                <ondown>28</ondown>
            </control>
            <control type="button" id="7">
                <height>81</height>
                <width>802</width>
                <texturefocus border="8">images/Buttonselect.png</texturefocus>
            </control>
            <control type="radiobutton" id="8">
                <height>81</height>
                <width>802</width>
                <texturefocus border="8">images/Buttonselect.png</texturefocus>
            </control>
            <control type="spincontrolex" id="9">
                <height>81</height>
                <width>802</width>
                <texturefocus border="8">images/Buttonselect.png</texturefocus>
            </control>
            <control type="image" description="Line split">
                <posx>0</posx>
                <top>692</top>
                <width>802</width>
                <height>1</height>
                <texture>lines/Line.png</texture>
                <aspectratio>stretch</aspectratio>
            </control>
            <control type="button" id="28" description="OK">
                <posx>225</posx>
                <top>711</top>
                <width>352</width>
                <label>186</label>
                <onleft>noop</onleft>
                <onright>noop</onright>
                <onup>5</onup>
                <ondown>29</ondown>
                <texturefocus border="8">images/Buttonselect.png</texturefocus>
            </control>
            <control type="button" id="29" description="Cancel">
                <posx>225</posx>
                <top>807</top>
                <width>352</width>
                <label>222</label>
                <onleft>noop</onleft>
                <onright>noop</onright>
                <onup>28</onup>
                <ondown>noop</ondown>
                <texturefocus border="8">images/Buttonselect.png</texturefocus>
            </control>
        </control>
    </controls>
</window>
