<?xml version="1.0" encoding="UTF-8"?>
<window id="502">
    <defaultcontrol always="true">50</defaultcontrol>
    <allowoverlay>no</allowoverlay>
    <backgroundcolor>background</backgroundcolor>
    <views>50,52,53,500</views>
    <!--
  52 Sio2
  50 Big List
  missing 50 List
  53 Icons
  500 Fanart
  -->
    <include>OpenClose</include>
    <controls>
        <include>Musicviews</include>
        <include>WindowsTopInfos</include>
        <control type="group" description="Side menu 9000 group">
            <visible allowhiddenfocus="true">ControlGroup(9000).HasFocus()</visible>
            <include>9000slide</include>
            <control type="image" description="List back">
                <top>-10</top>
                <posx>1430</posx>
                <width>550</width>
                <height>1100</height>
                <aspectratio>stretch</aspectratio>
                <texture border="50">sidepanel/Back.png</texture>
            </control>
            <control type="grouplist" id="9000">
                <left>1450</left>
                <include>DialogGLs</include>
                <control type="button" id="607">
                    <enable>false</enable>
                    <texturenofocus colordiffuse="FFCCCCCC">images/buttonselect1.png</texturenofocus>
                    <include>DialogButt</include>
                    <label>•• $LOCALIZE[33063] ••</label>
                </control>
                <control type="button" id="3" description="Sort">
                    <texturefocus colordiffuse="$VAR[diffuseselect]">images/buttonselect1.png</texturefocus>
                    <include>DialogButt</include>
                </control>
                <control type="togglebutton" id="4" description="SortOrder">
                    <texturefocus colordiffuse="$VAR[diffuseselect]">images/buttonselect1.png</texturefocus>
                    <alttexturefocus colordiffuse="$VAR[diffuseselect]">images/buttonselect1.png</alttexturefocus>
                    <include>DialogButt</include>
                    <label>584</label>
                    <altlabel>585</altlabel>
                    <usealttexture>Container.SortDirection(Ascending)</usealttexture>
                </control>
                <control type="togglebutton" id="16" description="PartyMode">
                    <texturefocus colordiffuse="$VAR[diffuseselect]">images/buttonselect1.png</texturefocus>
                    <alttexturefocus colordiffuse="$VAR[diffuseselect]">images/buttonselect1.png</alttexturefocus>
                    <include>DialogButt</include>
                    <label>$LOCALIZE[589]: $LOCALIZE[1223]</label>
                    <altlabel>$LOCALIZE[589]: $LOCALIZE[305]</altlabel>
                </control>
                <control type="button" id="8" description="Search">
                    <texturefocus colordiffuse="$VAR[diffuseselect]">images/buttonselect1.png</texturefocus>
                    <include>DialogButt</include>
                    <label>137</label>
                </control>
                <control type="button" id="698" description="Files">
                    <texturefocus colordiffuse="$VAR[diffuseselect]">images/buttonselect1.png</texturefocus>
                    <include>DialogButt</include>
                    <label>$LOCALIZE[1024] $LOCALIZE[744]</label>
                    <onclick>ActivateWindow(MusicFiles,root)</onclick>
                </control>
                <control type="togglebutton" id="699" description="Playing">
                    <texturefocus colordiffuse="$VAR[diffuseselect]">images/buttonselect1.png</texturefocus>
                    <alttexturefocus colordiffuse="$VAR[diffuseselect]">images/buttonselect1.png</alttexturefocus>
                    <enable>Player.HasMedia</enable>
                    <include>DialogButt</include>
                    <label>$LOCALIZE[16003]</label>
                    <altlabel>$LOCALIZE[31055]</altlabel>
                    <usealttexture>Player.HasMedia</usealttexture>
                    <onclick>fullscreen</onclick>
                    <altclick>fullscreen</altclick>
                    <animation effect="fade" start="100" end="60" time="100" condition="!Player.HasMedia">Conditional</animation>
                </control>
                <control type="togglebutton" id="20">
                    <description>Update library</description>
                    <texturefocus colordiffuse="$VAR[diffuseselect]">images/buttonselect1.png</texturefocus>
                    <alttexturefocus colordiffuse="$VAR[diffuseselect]">images/buttonselect1.png</alttexturefocus>
                    <include>DialogButt</include>
                    <label>653</label>
                    <altlabel>13353</altlabel>
                    <usealttexture>library.isscanningvideo</usealttexture>
                </control>
                <control type="button" id="599">
                    <enable>false</enable>
                    <texturenofocus colordiffuse="FFCCCCCC">images/buttonselect1.png</texturenofocus>
                    <include>DialogButt</include>
                    <label>•• $LOCALIZE[582] ••</label>
                </control>
                <control type="radiobutton" id="600" description="sio2">
                    <include>DialogButt</include>
                    <enable>!Container.Content(files) + !Container.Content(songs) + !IsEmpty(Container.FolderPath)</enable>
                    <onclick>Container.SetViewMode(52)</onclick>
                    <selected>Control.IsVisible(52)</selected>
                    <label>SiO2</label>
                </control>
                <control type="radiobutton" id="601" description="View Big List">
                    <include>DialogButt</include>
                    <enable>!Container.Content(files) + !IsEmpty(Container.FolderPath)</enable>
                    <onclick>Container.SetViewMode(50)</onclick>
                    <selected>Control.IsVisible(50)</selected>
                    <label>$LOCALIZE[537]</label>
                </control>
                <control type="radiobutton" id="603" description="Icons">
                    <enable>!Container.Content(files) + !Container.Content(songs) + !Container.Content(artists) + !IsEmpty(Container.FolderPath)</enable>
                    <include>DialogButt</include>
                    <onclick>Container.SetViewMode(53)</onclick>
                    <selected>Control.IsVisible(53)</selected>
                    <label>$LOCALIZE[536]</label>
                </control>
                <control type="radiobutton" id="605" description="Fanart">
                    <enable>!Container.Content(files) + !Container.Content(songs) + !IsEmpty(Container.FolderPath)</enable>
                    <include>DialogButt</include>
                    <onclick>Container.SetViewMode(500)</onclick>
                    <selected>Control.IsVisible(500)</selected>
                    <label>$LOCALIZE[20445]</label>
                </control>
            </control>
        </control>

    </controls>
</window>
