<?xml version="1.0" encoding="UTF-8"?>
<window id="2">
    <defaultcontrol always="true">53</defaultcontrol>
    <allowoverlay>no</allowoverlay>
    <backgroundcolor>0xffffffff</backgroundcolor>
    <controls>
        <include>BlackBackground</include>
        <control type="group">
            <visible>Control.IsVisible(53)</visible>
            <control type="group" description="Container and frame">
                <control type="panel" id="53" description="icons">
                    <viewtype label="536">Icons</viewtype>
                    <posx>60</posx>
                    <top>140</top>
                    <width>1800</width>
                    <height>897</height>
                    <orientation>vertical</orientation>
                    <onup>noop</onup>
                    <ondown>noop</ondown>
                    <onleft condition="!Skin.HasSetting(ViewsMenuOff)">9000</onleft>
                    <onright condition="!Skin.HasSetting(Scrollbars_Passive)">60</onright>
                    <preloaditems>4</preloaditems>
                    <pagecontrol>60</pagecontrol>
                    <scrolltime>400</scrolltime>
                    <itemlayout height="345" width="300">
                        <control type="image">
                            <visible>!StringCompare(ListItem.Label,..)</visible>
                            <posx>9</posx>
                            <top>11</top>
                            <width>281</width>
                            <height>281</height>
                            <texture diffuse="images/diffusepic.png" background="true" fallback="PhotoFolder.png">$INFO[ListItem.Thumb]</texture>
                            <aspectratio scalediffuse="false">scale</aspectratio>
                        </control>
                        <control type="image">
                            <visible>StringCompare(ListItem.Label,..)</visible>
                            <posx>9</posx>
                            <top>11</top>
                            <width>281</width>
                            <height>281</height>
                            <texture diffuse="images/diffusepic.png" >$INFO[ListItem.Icon]</texture>
                            <aspectratio scalediffuse="false">scale</aspectratio>
                        </control>
                    </itemlayout>
                    <focusedlayout height="345" width="300">
                        <control type="image">
                            <visible>!StringCompare(ListItem.Label,..)</visible>
                            <posx>9</posx>
                            <top>11</top>
                            <width>281</width>
                            <height>281</height>
                            <texture diffuse="images/diffusepic.png" background="true" fallback="PhotoFolder.png">$INFO[ListItem.Thumb]</texture>
                            <aspectratio scalediffuse="false">scale</aspectratio>
                        </control>
                        <control type="image">
                            <visible>StringCompare(ListItem.Label,..)</visible>
                            <posx>9</posx>
                            <top>11</top>
                            <width>281</width>
                            <height>281</height>
                            <texture diffuse="images/diffusepic.png" >$INFO[ListItem.Icon]</texture>
                            <aspectratio scalediffuse="false">scale</aspectratio>
                        </control>
                        <control type="label">
                            <animation effect="fade" start="0" end="100" time="200" delay="100">Focus</animation>
                            <posx>150</posx>
                            <top>290</top>
                            <width>270</width>
                            <height>45</height>
                            <font>size22</font>
                            <textcolor>White</textcolor>

                            <align>center</align>
                            <label>[B]$INFO[ListItem.Label][/B]</label>
                        </control>
                        <control type="image" description="selection">
                            <animation effect="fade" start="0" end="100" time="500" delay="50" reversible="false">Focus</animation>
                            <animation effect="fade" start="100" end="0" time="50" reversible="false">unFocus</animation>
                            <posx>9</posx>
                            <top>11</top>
                            <width>281</width>
                            <height>281</height>
                            <texture>images/picselection.png</texture>
                        </control>
                    </focusedlayout>
                </control>
            </control>
            <control type="image" description="Line Split">
                <posx>82</posx>
                <top>134</top>
                <width>1748</width>
                <height>1</height>
                <texture>lines/LineL.png</texture>
                <aspectratio>stretch</aspectratio>
            </control>
            <control type="label" description="Media details">
                <posx>82</posx>
                <top>87</top>
                <width>1200</width>
                <textcolor>Silver</textcolor>
                <include>Genre51Commons</include>
                <label>$INFO[ListItem.label][COLOR=gray]$VAR[TopLabel,  ][/COLOR]</label>
            </control>
            <control type="scrollbar" id="60">
                <posx>45r</posx>
                <top>144</top>
                <height>900</height>
                <onleft>53</onleft>
                <onright>9000</onright>
            </control>
        </control>
        <control type="group" description="Side menu 9000 group">
            <visible allowhiddenfocus="true">ControlGroup(9000).HasFocus()</visible>
            <include>DialogOpenCloseVisible</include>
            <control type="image" description="List back">
                <posx>540</posx>
                <top>200</top>
                <width>840</width>
                <height>680</height>
                <aspectratio>stretch</aspectratio>
                <texture border="150">images/Dialog.png</texture>
            </control>
            <control type="grouplist" id="9000">
                <onright>53</onright>
                <onleft>53</onleft>
                <include>DialogGLs</include>
                <control type="button" id="3" description="Sort">
                    <include>DialogButt</include>
                </control>
                <control type="togglebutton" id="4" description="SortOrder">
                    <include>DialogButt</include>
                    <label>584</label>
                    <altlabel>585</altlabel>
                    <usealttexture>Container.SortDirection(Ascending)</usealttexture>
                </control>
                <control type="button" id="6" description="Slideshow">
                    <disabledcolor>Disabled</disabledcolor>
                    <include>DialogButt</include>
                    <label>108</label>
                    <visible>!ListItem.IsFolder</visible>
                </control>
                <control type="button" id="7" description="Recursive slideshow">
                    <disabledcolor>Disabled</disabledcolor>
                    <include>DialogButt</include>
                    <label>13318</label>
                    <visible>ListItem.IsFolder</visible>
                </control>
                <control type="radiobutton" id="9" description="Randomize">
                    <include>DialogButt</include>
                    <label>13319</label>
                </control>
                <control type="togglebutton" id="699" description="Playing">
                    <enable>Player.HasMedia</enable>
                    <include>DialogButt</include>
                    <label>$LOCALIZE[16003]</label>
                    <altlabel>$LOCALIZE[31055]</altlabel>
                    <usealttexture>Player.HasMedia</usealttexture>
                    <onclick>fullscreen</onclick>
                    <altclick>fullscreen</altclick>
                    <animation effect="fade" start="100" end="60" time="100" condition="!Player.HasMedia">Conditional</animation>
                </control>
            </control>
        </control>
        <include>WindowsTopInfos</include>
    </controls>
</window>
