<?xml version="1.0" encoding="UTF-8"?>
<window>
    <defaultcontrol>1001</defaultcontrol>
    <animation effect="fade" time="300">WindowOpen</animation>
    <animation effect="fade" time="300">WindowClose</animation>
    <coordinates>
        <system>1</system>
        <posx>0</posx>
        <top>0</top>
    </coordinates>
    <controls>
        <!-- assume the context menu contains 1 button. code the size/position of all controls based on that -->
        <control type="image" id="999" description="List back">
            <posx>540</posx>
            <top>340</top>
            <width>840</width>
            <height>400</height>
            <texture border="150">images/Dialog.png</texture>
        </control>
        <control type="button" id="1001">
            <posx>710</posx>
            <top>500</top>
            <width>500</width>
            <align>center</align>
            <onleft>1001</onleft>
            <onright>1001</onright>
            <onup>1003</onup>
            <ondown>1002</ondown>
        </control>
        <control type="button" id="1002">
            <posx>710</posx>
            <top>500</top>
            <width>500</width>
            <align>center</align>
            <onleft>1002</onleft>
            <onright>1002</onright>
            <onup>1001</onup>
            <ondown>1003</ondown>
        </control>
        <control type="button" id="1003">
            <posx>710</posx>
            <top>500</top>
            <width>500</width>
            <align>center</align>
            <onleft>1003</onleft>
            <onright>1003</onright>
            <onup>1002</onup>
            <ondown>1001</ondown>
        </control>
    </controls>
</window>
