<?xml version="1.0" encoding="UTF-8"?>
<window>
    <defaultcontrol>-</defaultcontrol>
    <backgroundcolor>background</backgroundcolor>
    <controls>
        <control type="list" id="100">
            <posx>-10</posx>
            <top>-10</top>
            <width>1</width>
            <height>1</height>
            <visible>false</visible>
            <itemlayout width="1" height="1"/>
            <focusedlayout width="1" height="1"/>
        </control>
        <control type="group">
            <animation effect="fade" start="0" end="100" time="400">WindowOpen</animation>
            <animation effect="fade" start="100" end="0" time="400">WindowClose</animation>
            <control type="image">
                <width>1920</width>
                <height>1080</height>
                <texture>images/white.png</texture>
            </control>
            <control type="image" id="199">
                <width>1920</width>
                <height>1080</height>
                <colordiffuse>22FFFFFF</colordiffuse>
                <aspectratio>scale</aspectratio>
                <texture>$INFO[Container(100).ListItem.Property(Fanart)]</texture>
            </control>
            <control type="label" description="title">
                <posx>600</posx>
                <top>50</top>
                <width>1200</width>
                <height>50</height>
                <font>size39B</font>
                <align>Left</align>
                <label>$INFO[Container(100).ListItem.Label] $INFO[Container(100).ListItem.Property(Year), (,)]</label>
            </control>
            <control type="label">
                <visible>Control.IsVisible(110)</visible>
                <posx>600</posx>
                <top>96</top>
                <width>1000</width>
                <height>45</height>
                <font>size27</font>
                <label>$INFO[Container(100).ListItem.Property(Tagline)]</label>
            </control>
            <control type="label">
                <visible>Control.IsVisible(120)</visible>
                <posx>600</posx>
                <top>96</top>
                <width>1000</width>
                <height>45</height>
                <font>size27</font>
                <label>$INFO[Container(100).ListItem.Property(Studio)]</label>
            </control>
            <control type="label">
                <visible>Control.IsVisible(150) | Control.IsVisible(170) | Control.IsVisible(180)</visible>
                <posx>600</posx>
                <top>96</top>
                <width>1000</width>
                <height>45</height>
                <font>size27</font>
                <label>$INFO[Container(100).ListItem.Property(Artist)]</label>
            </control>
            <control type="label">
                <visible>Control.IsVisible(140)</visible>
                <posx>600</posx>
                <top>96</top>
                <width>1000</width>
                <height>45</height>
                <font>size27</font>
                <label>$INFO[Container(100).ListItem.Property(TvShowTitle)] - S$INFO[Container(100).ListItem.Property(Season)] • E$INFO[Container(100).ListItem.Property(Episode)]</label>
            </control>
            <control type="image">
                <camera x="265" y="330" />
                <animation condition="true" effect="rotatey" center="265,0" end="-20">conditional</animation>
                <posx>60</posx>
                <top>60</top>
                <width>500</width>
                <height>600</height>
                <aspectratio>keep</aspectratio>
                <texture diffuse="images/diffuse.png">$INFO[Container(100).ListItem.Icon]</texture>
            </control>
            <control type="group" id="101">
                <control type="list" id="110">
                    <posx>150</posx>
                    <top>750</top>
                    <width>1770</width>
                    <height>504</height>
                    <pagecontrol>-</pagecontrol>
                    <itemlayout height="26">
                        <control type="label">
                            <posx>230</posx>
                            <top>0</top>
                            <width>230</width>
                            <height>45</height>
                            <font>size21</font>
                            <align>right</align>
                            <aligny>center</aligny>
                            <info>ListItem.Label</info>
                        </control>
                        <control type="label">
                            <posx>251</posx>
                            <top>0</top>
                            <width>1649</width>
                            <height>45</height>
                            <font>size21</font>
                            <aligny>center</aligny>
                            <info>ListItem.Label2</info>
                        </control>
                    </itemlayout>
                    <focusedlayout height="26">
                        <control type="label">
                            <posx>230</posx>
                            <top>0</top>
                            <width>230</width>
                            <height>45</height>
                            <font>size21</font>
                            <align>right</align>
                            <aligny>center</aligny>
                            <info>ListItem.Label</info>
                        </control>
                        <control type="label">
                            <posx>251</posx>
                            <top>0</top>
                            <width>1649</width>
                            <height>45</height>
                            <font>size21</font>
                            <aligny>center</aligny>
                            <info>ListItem.Label2</info>
                        </control>
                    </focusedlayout>
                    <content>
                        <item>
                            <label>$LOCALIZE[20339]:</label>
                            <label2>$INFO[Container(100).ListItem.Property(Director)]</label2>
                            <onclick>noop</onclick>
                            <visible>!IsEmpty(Container(100).ListItem.Property(Director))</visible>
                        </item>
                        <item>
                            <label>$LOCALIZE[572]:</label>
                            <label2>$INFO[Container(100).ListItem.Property(Studio)]</label2>
                            <onclick>noop</onclick>
                            <visible>!IsEmpty(Container(100).ListItem.Property(Studio))</visible>
                        </item>
                        <item>
                            <label>$LOCALIZE[515]:</label>
                            <label2>$INFO[Container(100).ListItem.Property(Genre)]</label2>
                            <onclick>noop</onclick>
                            <visible>!IsEmpty(Container(100).ListItem.Property(Genre))</visible>
                        </item>
                        <item>
                            <label>$LOCALIZE[562]:</label>
                            <label2>$INFO[Container(100).ListItem.Property(Year)]</label2>
                            <onclick>noop</onclick>
                            <visible>!IsEmpty(Container(100).ListItem.Property(Year))</visible>
                        </item>
                        <item>
                            <label>$LOCALIZE[2050]:</label>
                            <label2>$INFO[Container(100).ListItem.Property(Duration),, $LOCALIZE[12391]]</label2>
                            <onclick>noop</onclick>
                            <visible>!IsEmpty(Container(100).ListItem.Property(Duration)) + !SubString(Container(100).ListItem.Property(Duration),min)</visible>
                        </item>
                        <item>
                            <label>$LOCALIZE[2050]:</label>
                            <label2>$INFO[Container(100).ListItem.Property(Duration)]</label2>
                            <onclick>noop</onclick>
                            <visible>!IsEmpty(Container(100).ListItem.Property(Duration)) + SubString(Container(100).ListItem.Property(Duration),min)</visible>
                        </item>
                        <item>
                            <label>$LOCALIZE[563]:</label>
                            <label2>$INFO[Container(100).ListItem.Property(Rating)]</label2>
                            <onclick>noop</onclick>
                            <visible>!IsEmpty(Container(100).ListItem.Property(Rating))</visible>
                        </item>
                        <!--item>
                          <label>$LOCALIZE[202]:</label>
                          <label2>$INFO[Container(100).ListItem.Property(TagLine)]</label2>
                          <onclick>noop</onclick>
                          <visible>!IsEmpty(Container(100).ListItem.Property(TagLine))</visible>
                        </item-->
                        <!--item>
                          <label>$LOCALIZE[203]:</label>
                          <label2>$INFO[Container(100).ListItem.Property(PlotOutline)]</label2>
                          <onclick>noop</onclick>
                          <visible>!IsEmpty(Container(100).ListItem.Property(PlotOutline))</visible>
                        </item-->
                        <item>
                            <label>$LOCALIZE[20074]:</label>
                            <label2>$INFO[Container(100).ListItem.Property(Mpaa)]</label2>
                            <onclick>noop</onclick>
                            <visible>!IsEmpty(Container(100).ListItem.Property(Mpaa))</visible>
                        </item>
                        <item>
                            <label>$LOCALIZE[567]:</label>
                            <label2>$INFO[Container(100).ListItem.Property(Playcount)]</label2>
                            <onclick>noop</onclick>
                            <visible>!IsEmpty(Container(100).ListItem.Property(Playcount))</visible>
                        </item>
                        <item>
                            <label>$LOCALIZE[15311]</label>
                            <label2>$INFO[Container(100).ListItem.Property(Path)]</label2>
                            <onclick>noop</onclick>
                            <visible>!IsEmpty(Container(100).ListItem.Property(Path))</visible>
                        </item>
                    </content>
                </control>
                <control type="list" id="120">
                    <posx>150</posx>
                    <top>750</top>
                    <width>1770</width>
                    <height>504</height>
                    <pagecontrol>-</pagecontrol>
                    <itemlayout height="26">
                        <control type="label">
                            <posx>230</posx>
                            <top>0</top>
                            <width>230</width>
                            <height>45</height>
                            <font>size21</font>
                            <align>right</align>
                            <aligny>center</aligny>
                            <info>ListItem.Label</info>
                        </control>
                        <control type="label">
                            <posx>251</posx>
                            <top>0</top>
                            <width>1649</width>
                            <height>45</height>
                            <font>size21</font>
                            <aligny>center</aligny>
                            <info>ListItem.Label2</info>
                        </control>
                    </itemlayout>
                    <focusedlayout height="26">
                        <control type="label">
                            <posx>230</posx>
                            <top>0</top>
                            <width>230</width>
                            <height>45</height>
                            <font>size21</font>
                            <align>right</align>
                            <aligny>center</aligny>
                            <info>ListItem.Label</info>
                        </control>
                        <control type="label">
                            <posx>251</posx>
                            <top>0</top>
                            <width>1649</width>
                            <height>45</height>
                            <font>size21</font>
                            <aligny>center</aligny>
                            <info>ListItem.Label2</info>
                        </control>
                    </focusedlayout>
                    <content>
                        <item>
                            <label>$LOCALIZE[20360]:</label>
                            <label2>$INFO[Container(100).ListItem.Property(Episode)]</label2>
                            <onclick>noop</onclick>
                            <visible>!IsEmpty(Container(100).ListItem.Property(Episode))</visible>
                        </item>
                        <item>
                            <label>$LOCALIZE[20416]:</label>
                            <label2>$INFO[Container(100).ListItem.Property(Premiered)]</label2>
                            <onclick>noop</onclick>
                            <visible>!IsEmpty(Container(100).ListItem.Property(Premiered))</visible>
                        </item>
                        <item>
                            <label>$LOCALIZE[572]:</label>
                            <label2>$INFO[Container(100).ListItem.Property(Studio)]</label2>
                            <onclick>noop</onclick>
                            <visible>!IsEmpty(Container(100).ListItem.Property(Studio))</visible>
                        </item>
                        <item>
                            <label>$LOCALIZE[515]:</label>
                            <label2>$INFO[Container(100).ListItem.Property(Genre)]</label2>
                            <onclick>noop</onclick>
                            <visible>!IsEmpty(Container(100).ListItem.Property(Genre))</visible>
                        </item>
                        <item>
                            <label>$LOCALIZE[562]:</label>
                            <label2>$INFO[Container(100).ListItem.Property(Year)]</label2>
                            <onclick>noop</onclick>
                            <visible>!IsEmpty(Container(100).ListItem.Property(Year))</visible>
                        </item>
                        <item>
                            <label>$LOCALIZE[563]:</label>
                            <label2>$INFO[Container(100).ListItem.Property(Rating)]</label2>
                            <onclick>noop</onclick>
                            <visible>!IsEmpty(Container(100).ListItem.Property(Rating))</visible>
                        </item>
                        <item>
                            <label>$LOCALIZE[20074]:</label>
                            <label2>$INFO[Container(100).ListItem.Property(Mpaa)]</label2>
                            <onclick>noop</onclick>
                            <visible>!IsEmpty(Container(100).ListItem.Property(Mpaa))</visible>
                        </item>
                        <item>
                            <label>$LOCALIZE[567]:</label>
                            <label2>$INFO[Container(100).ListItem.Property(Playcount)]</label2>
                            <onclick>noop</onclick>
                            <visible>!IsEmpty(Container(100).ListItem.Property(Playcount))</visible>
                        </item>
                        <item>
                            <label>$LOCALIZE[15311]</label>
                            <label2>$INFO[Container(100).ListItem.Property(Path)]</label2>
                            <onclick>noop</onclick>
                            <visible>!IsEmpty(Container(100).ListItem.Property(Path))</visible>
                        </item>
                    </content>
                </control>
                <control type="list" id="130">
                    <posx>150</posx>
                    <top>750</top>
                    <width>1770</width>
                    <height>504</height>
                    <pagecontrol>-</pagecontrol>
                    <itemlayout height="26">
                        <control type="label">
                            <posx>230</posx>
                            <top>0</top>
                            <width>230</width>
                            <height>45</height>
                            <font>size21</font>
                            <align>right</align>
                            <aligny>center</aligny>
                            <info>ListItem.Label</info>
                        </control>
                        <control type="label">
                            <posx>251</posx>
                            <top>0</top>
                            <width>1649</width>
                            <height>45</height>
                            <font>size21</font>
                            <aligny>center</aligny>
                            <info>ListItem.Label2</info>
                        </control>
                    </itemlayout>
                    <focusedlayout height="26">
                        <control type="label">
                            <posx>230</posx>
                            <top>0</top>
                            <width>230</width>
                            <height>45</height>
                            <font>size21</font>
                            <align>right</align>
                            <aligny>center</aligny>
                            <info>ListItem.Label</info>
                        </control>
                        <control type="label">
                            <posx>251</posx>
                            <top>0</top>
                            <width>1649</width>
                            <height>45</height>
                            <font>size21</font>
                            <aligny>center</aligny>
                            <info>ListItem.Label2</info>
                        </control>
                    </focusedlayout>
                    <content>
                        <item>
                            <label>$LOCALIZE[20364]:</label>
                            <label2>$INFO[Container(100).ListItem.Property(TVShowTitle)]</label2>
                            <onclick>noop</onclick>
                            <visible>!IsEmpty(Container(100).ListItem.Property(TVShowTitle))</visible>
                        </item>
                        <item>
                            <label>$LOCALIZE[20360]:</label>
                            <label2>$INFO[Container(100).ListItem.Property(Episode)]</label2>
                            <onclick>noop</onclick>
                            <visible>!IsEmpty(Container(100).ListItem.Property(Episode))</visible>
                        </item>
                        <item>
                            <label>$LOCALIZE[567]:</label>
                            <label2>$INFO[Container(100).ListItem.Property(Playcount)]</label2>
                            <onclick>noop</onclick>
                            <visible>!IsEmpty(Container(100).ListItem.Property(Playcount))</visible>
                        </item>
                        <item>
                            <label>$LOCALIZE[15311]</label>
                            <label2>$INFO[Container(100).ListItem.Property(Path)]</label2>
                            <onclick>noop</onclick>
                            <visible>!IsEmpty(Container(100).ListItem.Property(Path))</visible>
                        </item>
                    </content>
                </control>
                <control type="list" id="140">
                    <posx>150</posx>
                    <top>750</top>
                    <width>1770</width>
                    <height>504</height>
                    <pagecontrol>-</pagecontrol>
                    <itemlayout height="26">
                        <control type="label">
                            <posx>230</posx>
                            <top>0</top>
                            <width>230</width>
                            <height>45</height>
                            <font>size21</font>
                            <align>right</align>
                            <aligny>center</aligny>
                            <info>ListItem.Label</info>
                        </control>
                        <control type="label">
                            <posx>251</posx>
                            <top>0</top>
                            <width>1649</width>
                            <height>45</height>
                            <font>size21</font>
                            <aligny>center</aligny>
                            <info>ListItem.Label2</info>
                        </control>
                    </itemlayout>
                    <focusedlayout height="26">
                        <control type="label">
                            <posx>230</posx>
                            <top>0</top>
                            <width>230</width>
                            <height>45</height>
                            <font>size21</font>
                            <align>right</align>
                            <aligny>center</aligny>
                            <info>ListItem.Label</info>
                        </control>
                        <control type="label">
                            <posx>251</posx>
                            <top>0</top>
                            <width>1649</width>
                            <height>45</height>
                            <font>size21</font>
                            <aligny>center</aligny>
                            <info>ListItem.Label2</info>
                        </control>
                    </focusedlayout>
                    <content>
                        <item>
                            <label>$LOCALIZE[20364]:</label>
                            <label2>$INFO[Container(100).ListItem.Property(TVShowTitle)]</label2>
                            <onclick>noop</onclick>
                            <visible>!IsEmpty(Container(100).ListItem.Property(TVShowTitle))</visible>
                        </item>
                        <item>
                            <label>$LOCALIZE[20373]:</label>
                            <label2>$INFO[Container(100).ListItem.Property(Season)]</label2>
                            <onclick>noop</onclick>
                            <visible>!IsEmpty(Container(100).ListItem.Property(Season))</visible>
                        </item>
                        <item>
                            <label>$LOCALIZE[20360]:</label>
                            <label2>$INFO[Container(100).ListItem.Property(Episode)]</label2>
                            <onclick>noop</onclick>
                            <visible>!IsEmpty(Container(100).ListItem.Property(Episode))</visible>
                        </item>
                        <item>
                            <label>$LOCALIZE[20339]:</label>
                            <label2>$INFO[Container(100).ListItem.Property(Director)]</label2>
                            <onclick>noop</onclick>
                            <visible>!IsEmpty(Container(100).ListItem.Property(Director))</visible>
                        </item>
                        <item>
                            <label>$LOCALIZE[20416]:</label>
                            <label2>$INFO[Container(100).ListItem.Property(Premiered)]</label2>
                            <onclick>noop</onclick>
                            <visible>!IsEmpty(Container(100).ListItem.Property(Premiered))</visible>
                        </item>
                        <item>
                            <label>$LOCALIZE[2050]:</label>
                            <label2>$INFO[Container(100).ListItem.Property(Duration),, $LOCALIZE[12391]]</label2>
                            <onclick>noop</onclick>
                            <visible>!IsEmpty(Container(100).ListItem.Property(Duration)) + !SubString(Container(100).ListItem.Property(Duration),min)</visible>
                        </item>
                        <item>
                            <label>$LOCALIZE[2050]:</label>
                            <label2>$INFO[Container(100).ListItem.Property(Duration)]</label2>
                            <onclick>noop</onclick>
                            <visible>!IsEmpty(Container(100).ListItem.Property(Duration)) + SubString(Container(100).ListItem.Property(Duration),min)</visible>
                        </item>
                        <item>
                            <label>$LOCALIZE[563]:</label>
                            <label2>$INFO[Container(100).ListItem.Property(Rating)]</label2>
                            <onclick>noop</onclick>
                            <visible>!IsEmpty(Container(100).ListItem.Property(Rating))</visible>
                        </item>
                        <item>
                            <label>$LOCALIZE[567]:</label>
                            <label2>$INFO[Container(100).ListItem.Property(Playcount)]</label2>
                            <onclick>noop</onclick>
                            <visible>!IsEmpty(Container(100).ListItem.Property(Playcount))</visible>
                        </item>
                        <item>
                            <label>$LOCALIZE[15311]</label>
                            <label2>$INFO[Container(100).ListItem.Property(Path)]</label2>
                            <onclick>noop</onclick>
                            <visible>!IsEmpty(Container(100).ListItem.Property(Path))</visible>
                        </item>
                    </content>
                </control>
                <control type="list" id="150">
                    <posx>150</posx>
                    <top>750</top>
                    <width>1770</width>
                    <height>504</height>
                    <pagecontrol>-</pagecontrol>
                    <itemlayout height="26">
                        <control type="label">
                            <posx>230</posx>
                            <top>0</top>
                            <width>230</width>
                            <height>45</height>
                            <font>size21</font>
                            <align>right</align>
                            <aligny>center</aligny>
                            <info>ListItem.Label</info>
                        </control>
                        <control type="label">
                            <posx>251</posx>
                            <top>0</top>
                            <width>1649</width>
                            <height>45</height>
                            <font>size21</font>
                            <aligny>center</aligny>
                            <info>ListItem.Label2</info>
                        </control>
                    </itemlayout>
                    <focusedlayout height="26">
                        <control type="label">
                            <posx>230</posx>
                            <top>0</top>
                            <width>230</width>
                            <height>45</height>
                            <font>size21</font>
                            <align>right</align>
                            <aligny>center</aligny>
                            <info>ListItem.Label</info>
                        </control>
                        <control type="label">
                            <posx>251</posx>
                            <top>0</top>
                            <width>1649</width>
                            <height>45</height>
                            <font>size21</font>
                            <aligny>center</aligny>
                            <info>ListItem.Label2</info>
                        </control>
                    </focusedlayout>
                    <content>
                        <item>
                            <label>$LOCALIZE[557]:</label>
                            <label2>$INFO[Container(100).ListItem.Property(Artist)]</label2>
                            <onclick>noop</onclick>
                            <visible>!IsEmpty(Container(100).ListItem.Property(Artist))</visible>
                        </item>
                        <item>
                            <label>$LOCALIZE[558]:</label>
                            <label2>$INFO[Container(100).ListItem.Property(Album)]</label2>
                            <onclick>noop</onclick>
                            <visible>!IsEmpty(Container(100).ListItem.Property(Album))</visible>
                        </item>
                        <item>
                            <label>$LOCALIZE[515]:</label>
                            <label2>$INFO[Container(100).ListItem.Property(Genre)]</label2>
                            <onclick>noop</onclick>
                            <visible>!IsEmpty(Container(100).ListItem.Property(Genre))</visible>
                        </item>
                        <item>
                            <label>$LOCALIZE[572]:</label>
                            <label2>$INFO[Container(100).ListItem.Property(Studio)]</label2>
                            <onclick>noop</onclick>
                            <visible>!IsEmpty(Container(100).ListItem.Property(Studio))</visible>
                        </item>
                        <item>
                            <label>$LOCALIZE[20339]:</label>
                            <label2>$INFO[Container(100).ListItem.Property(Director)]</label2>
                            <onclick>noop</onclick>
                            <visible>!IsEmpty(Container(100).ListItem.Property(Director))</visible>
                        </item>
                        <item>
                            <label>$LOCALIZE[562]:</label>
                            <label2>$INFO[Container(100).ListItem.Property(Year)]</label2>
                            <onclick>noop</onclick>
                            <visible>!IsEmpty(Container(100).ListItem.Property(Year))</visible>
                        </item>
                        <item>
                            <label>$LOCALIZE[2050]:</label>
                            <label2>$INFO[Container(100).ListItem.Property(Duration)]</label2>
                            <onclick>noop</onclick>
                            <visible>!IsEmpty(Container(100).ListItem.Property(Duration))</visible>
                        </item>
                        <item>
                            <label>$LOCALIZE[567]:</label>
                            <label2>$INFO[Container(100).ListItem.Property(Playcount)]</label2>
                            <onclick>noop</onclick>
                            <visible>!IsEmpty(Container(100).ListItem.Property(Playcount))</visible>
                        </item>
                        <item>
                            <label>$LOCALIZE[15311]</label>
                            <label2>$INFO[Container(100).ListItem.Property(Path)]</label2>
                            <onclick>noop</onclick>
                            <visible>!IsEmpty(Container(100).ListItem.Property(Path))</visible>
                        </item>
                    </content>
                </control>
                <control type="list" id="160">
                    <posx>150</posx>
                    <top>750</top>
                    <width>1770</width>
                    <height>504</height>
                    <pagecontrol>-</pagecontrol>
                    <itemlayout height="26">
                        <control type="label">
                            <posx>230</posx>
                            <top>0</top>
                            <width>230</width>
                            <height>45</height>
                            <font>size21</font>
                            <align>right</align>
                            <aligny>center</aligny>
                            <info>ListItem.Label</info>
                        </control>
                        <control type="label">
                            <posx>251</posx>
                            <top>0</top>
                            <width>1649</width>
                            <height>45</height>
                            <font>size21</font>
                            <aligny>center</aligny>
                            <info>ListItem.Label2</info>
                        </control>
                    </itemlayout>
                    <focusedlayout height="26">
                        <control type="label">
                            <posx>230</posx>
                            <top>0</top>
                            <width>230</width>
                            <height>45</height>
                            <font>size21</font>
                            <align>right</align>
                            <aligny>center</aligny>
                            <info>ListItem.Label</info>
                        </control>
                        <control type="label">
                            <posx>251</posx>
                            <top>0</top>
                            <width>1649</width>
                            <height>45</height>
                            <font>size21</font>
                            <aligny>center</aligny>
                            <info>ListItem.Label2</info>
                        </control>
                    </focusedlayout>
                    <content>
                        <item>
                            <label>$LOCALIZE[21893]:</label>
                            <label2>$INFO[Container(100).ListItem.Property(Artist_Born)]</label2>
                            <onclick>noop</onclick>
                            <visible>!IsEmpty(Container(100).ListItem.Property(Artist_Born))</visible>
                        </item>
                        <item>
                            <label>$LOCALIZE[21894]:</label>
                            <label2>$INFO[Container(100).ListItem.Property(Artist_Formed)]</label2>
                            <onclick>noop</onclick>
                            <visible>!IsEmpty(Container(100).ListItem.Property(Artist_Formed))</visible>
                        </item>
                        <item>
                            <label>$LOCALIZE[21897]:</label>
                            <label2>$INFO[Container(100).ListItem.Property(Artist_Died)]</label2>
                            <onclick>noop</onclick>
                            <visible>!IsEmpty(Container(100).ListItem.Property(Artist_Died))</visible>
                        </item>
                        <item>
                            <label>$LOCALIZE[21896]:</label>
                            <label2>$INFO[Container(100).ListItem.Property(Artist_Disbanded)]</label2>
                            <onclick>noop</onclick>
                            <visible>!IsEmpty(Container(100).ListItem.Property(Artist_Disbanded))</visible>
                        </item>
                        <item>
                            <label>$LOCALIZE[21898]:</label>
                            <label2>$INFO[Container(100).ListItem.Property(Artist_YearsActive)]</label2>
                            <onclick>noop</onclick>
                            <visible>!IsEmpty(Container(100).ListItem.Property(Artist_YearsActive))</visible>
                        </item>
                        <item>
                            <label>$LOCALIZE[175]:</label>
                            <label2>$INFO[Container(100).ListItem.Property(Artist_Mood)]</label2>
                            <onclick>noop</onclick>
                            <visible>!IsEmpty(Container(100).ListItem.Property(Artist_Mood))</visible>
                        </item>
                        <item>
                            <label>$LOCALIZE[176]:</label>
                            <label2>$INFO[Container(100).ListItem.Property(Artist_Style)]</label2>
                            <onclick>noop</onclick>
                            <visible>!IsEmpty(Container(100).ListItem.Property(Artist_Style))</visible>
                        </item>
                        <item>
                            <label>$LOCALIZE[515]:</label>
                            <label2>$INFO[Container(100).ListItem.Property(Genre)]</label2>
                            <onclick>noop</onclick>
                            <visible>!IsEmpty(Container(100).ListItem.Property(Genre))</visible>
                        </item>
                        <item>
                            <label>$LOCALIZE[15311]:</label>
                            <label2>$INFO[Container(100).ListItem.Property(Path)]</label2>
                            <onclick>noop</onclick>
                            <visible>!IsEmpty(Container(100).ListItem.Property(Path))</visible>
                        </item>
                    </content>
                </control>
                <control type="list" id="170">
                    <posx>150</posx>
                    <top>750</top>
                    <width>1770</width>
                    <height>504</height>
                    <pagecontrol>-</pagecontrol>
                    <itemlayout height="26">
                        <control type="label">
                            <posx>230</posx>
                            <top>0</top>
                            <width>230</width>
                            <height>45</height>
                            <font>size21</font>
                            <align>right</align>
                            <aligny>center</aligny>
                            <info>ListItem.Label</info>
                        </control>
                        <control type="label">
                            <posx>251</posx>
                            <top>0</top>
                            <width>1649</width>
                            <height>45</height>
                            <font>size21</font>
                            <aligny>center</aligny>
                            <info>ListItem.Label2</info>
                        </control>
                    </itemlayout>
                    <focusedlayout height="26">
                        <control type="label">
                            <posx>230</posx>
                            <top>0</top>
                            <width>230</width>
                            <height>45</height>
                            <font>size21</font>
                            <align>right</align>
                            <aligny>center</aligny>
                            <info>ListItem.Label</info>
                        </control>
                        <control type="label">
                            <posx>251</posx>
                            <top>0</top>
                            <width>1649</width>
                            <height>45</height>
                            <font>size21</font>
                            <aligny>center</aligny>
                            <info>ListItem.Label2</info>
                        </control>
                    </focusedlayout>
                    <content>
                        <item>
                            <label>$LOCALIZE[557]:</label>
                            <label2>$INFO[Container(100).ListItem.Property(Artist)]</label2>
                            <onclick>noop</onclick>
                            <visible>!IsEmpty(Container(100).ListItem.Property(Artist))</visible>
                        </item>
                        <item>
                            <label>$LOCALIZE[515]:</label>
                            <label2>$INFO[Container(100).ListItem.Property(Genre)]</label2>
                            <onclick>noop</onclick>
                            <visible>!IsEmpty(Container(100).ListItem.Property(Genre))</visible>
                        </item>
                        <item>
                            <label>$LOCALIZE[563]:</label>
                            <label2>$INFO[Container(100).ListItem.Property(Album_Rating)]</label2>
                            <onclick>noop</onclick>
                            <visible>!IsEmpty(Container(100).ListItem.Property(Rating))</visible>
                        </item>
                        <item>
                            <label>$LOCALIZE[175]:</label>
                            <label2>$INFO[Container(100).ListItem.Property(Album_Mood)]</label2>
                            <onclick>noop</onclick>
                            <visible>!IsEmpty(Container(100).ListItem.Property(Album_Mood))</visible>
                        </item>
                        <item>
                            <label>$LOCALIZE[176]:</label>
                            <label2>$INFO[Container(100).ListItem.Property(Album_Style)]</label2>
                            <onclick>noop</onclick>
                            <visible>!IsEmpty(Container(100).ListItem.Property(Album_Style))</visible>
                        </item>
                        <item>
                            <label>$LOCALIZE[21895]:</label>
                            <label2>$INFO[Container(100).ListItem.Property(Album_Theme)]</label2>
                            <onclick>noop</onclick>
                            <visible>!IsEmpty(Container(100).ListItem.Property(Album_Theme))</visible>
                        </item>
                        <item>
                            <label>$LOCALIZE[146]</label>
                            <label2>$INFO[Container(100).ListItem.Property(Album_Type)]</label2>
                            <onclick>noop</onclick>
                            <visible>!IsEmpty(Container(100).ListItem.Property(Album_Type))</visible>
                        </item>
                        <item>
                            <label>$LOCALIZE[21899]:</label>
                            <label2>$INFO[Container(100).ListItem.Property(Album_Label)]</label2>
                            <onclick>noop</onclick>
                            <visible>!IsEmpty(Container(100).ListItem.Property(Album_Label))</visible>
                        </item>
                        <item>
                            <label>$LOCALIZE[562]:</label>
                            <label2>$INFO[Container(100).ListItem.Property(Year)]</label2>
                            <onclick>noop</onclick>
                            <visible>!IsEmpty(Container(100).ListItem.Property(Year))</visible>
                        </item>
                        <item>
                            <label>$LOCALIZE[15311]</label>
                            <label2>$INFO[Container(100).ListItem.Property(Path)]</label2>
                            <onclick>noop</onclick>
                            <visible>!IsEmpty(Container(100).ListItem.Property(Path))</visible>
                        </item>
                    </content>
                </control>
                <control type="list" id="180">
                    <posx>150</posx>
                    <top>750</top>
                    <width>1770</width>
                    <height>504</height>
                    <pagecontrol>-</pagecontrol>
                    <itemlayout height="26">
                        <control type="label">
                            <posx>230</posx>
                            <top>0</top>
                            <width>230</width>
                            <height>45</height>
                            <font>size21</font>
                            <align>right</align>
                            <aligny>center</aligny>
                            <info>ListItem.Label</info>
                        </control>
                        <control type="label">
                            <posx>251</posx>
                            <top>0</top>
                            <width>1649</width>
                            <height>45</height>
                            <font>size21</font>
                            <aligny>center</aligny>
                            <info>ListItem.Label2</info>
                        </control>
                    </itemlayout>
                    <focusedlayout height="26">
                        <control type="label">
                            <posx>230</posx>
                            <top>0</top>
                            <width>230</width>
                            <height>45</height>
                            <font>size21</font>
                            <align>right</align>
                            <aligny>center</aligny>
                            <info>ListItem.Label</info>
                        </control>
                        <control type="label">
                            <posx>251</posx>
                            <top>0</top>
                            <width>1649</width>
                            <height>45</height>
                            <font>size21</font>
                            <aligny>center</aligny>
                            <info>ListItem.Label2</info>
                        </control>
                    </focusedlayout>
                    <content>
                        <item>
                            <label>$LOCALIZE[557]:</label>
                            <label2>$INFO[Container(100).ListItem.Property(Artist)]</label2>
                            <onclick>noop</onclick>
                            <visible>!IsEmpty(Container(100).ListItem.Property(Artist))</visible>
                        </item>
                        <item>
                            <label>$LOCALIZE[558]</label>
                            <label2>$INFO[Container(100).ListItem.Property(Album)]</label2>
                            <onclick>noop</onclick>
                            <visible>!IsEmpty(Container(100).ListItem.Property(Album))</visible>
                        </item>
                        <item>
                            <label>$LOCALIZE[554]:</label>
                            <label2>$INFO[Container(100).ListItem.Property(Track)]</label2>
                            <onclick>noop</onclick>
                            <visible>!IsEmpty(Container(100).ListItem.Property(Track))</visible>
                        </item>
                        <item>
                            <label>$LOCALIZE[2050]:</label>
                            <label2>$INFO[Container(100).ListItem.Property(Duration),, $LOCALIZE[12391]]</label2>
                            <onclick>noop</onclick>
                            <visible>!IsEmpty(Container(100).ListItem.Property(Duration)) + !SubString(Container(100).ListItem.Property(Duration),min)</visible>
                        </item>
                        <item>
                            <label>$LOCALIZE[2050]:</label>
                            <label2>$INFO[Container(100).ListItem.Property(Duration)]</label2>
                            <onclick>noop</onclick>
                            <visible>!IsEmpty(Container(100).ListItem.Property(Duration)) + SubString(Container(100).ListItem.Property(Duration),min)</visible>
                        </item>
                        <item>
                            <label>$LOCALIZE[563]:</label>
                            <label2>$INFO[Container(100).ListItem.Property(Rating)]</label2>
                            <onclick>noop</onclick>
                            <visible>!IsEmpty(Container(100).ListItem.Property(Rating))</visible>
                        </item>
                        <item>
                            <label>$LOCALIZE[515]:</label>
                            <label2>$INFO[Container(100).ListItem.Property(Genre)]</label2>
                            <onclick>noop</onclick>
                            <visible>!IsEmpty(Container(100).ListItem.Property(Genre))</visible>
                        </item>
                        <item>
                            <label>$LOCALIZE[562]:</label>
                            <label2>$INFO[Container(100).ListItem.Property(Year)]</label2>
                            <onclick>noop</onclick>
                            <visible>!IsEmpty(Container(100).ListItem.Property(Year))</visible>
                        </item>
                        <item>
                            <label>$LOCALIZE[567]:</label>
                            <label2>$INFO[Container(100).ListItem.Property(Playcount)]</label2>
                            <onclick>noop</onclick>
                            <visible>!IsEmpty(Container(100).ListItem.Property(Playcount))</visible>
                        </item>
                        <item>
                            <label>$LOCALIZE[15311]</label>
                            <label2>$INFO[Container(100).ListItem.Property(Path)]</label2>
                            <onclick>noop</onclick>
                            <visible>!IsEmpty(Container(100).ListItem.Property(Path))</visible>
                        </item>
                    </content>
                </control>
            </control>
            <control type="group">
                <posx>600</posx>
                <control type="image" description="Line">
                    <top>140</top>
                    <height>1</height>
                    <width>1000</width>
                    <texture>lines/LineL.png</texture>
                </control>
                <control type="textbox" description="plot">
                    <top>140</top>
                    <width>1200</width>
                    <height>250</height>
                    <align>justify</align>
                    <label>$INFO[Container(100).ListItem.Property(Plot)]</label>
                    <autoscroll time="3000" delay="20000" repeat="5000">true</autoscroll>
                    <visible>Control.IsVisible(110) | Control.IsVisible(120) | Control.IsVisible(140) | Control.IsVisible(150)</visible>
                </control>
                <control type="textbox" description="plot">
                    <top>140</top>
                    <width>1200</width>
                    <height>250</height>
                    <align>justify</align>
                    <label>$INFO[Container(100).ListItem.Property(Artist_Description)]</label>
                    <autoscroll time="3000" delay="20000" repeat="5000">true</autoscroll>
                    <visible>Control.IsVisible(160)</visible></control>
                <control type="textbox" description="plot">
                    <top>140</top>
                    <width>1200</width>
                    <height>250</height>
                    <align>justify</align>
                    <label>$INFO[Container(100).ListItem.Property(Album_Description)]</label>
                    <autoscroll time="3000" delay="20000" repeat="5000">true</autoscroll>
                    <visible>Control.IsVisible(170)</visible>
                </control>
                <control type="textbox" description="plot">
                    <top>140</top>
                    <width>1200</width>
                    <height>250</height>
                    <align>justify</align>
                    <label>$INFO[Container(100).ListItem.Property(Comment)]</label>
                    <autoscroll time="3000" delay="20000" repeat="5000">true</autoscroll>
                    <visible>Control.IsVisible(180)</visible>
                </control>
                <control type="image" description="Line">
                    <top>390</top>
                    <height>1</height>
                    <width>1000</width>
                    <texture>lines/LineL.png</texture>
                </control>
            </control>
            <control type="grouplist" id="190">
                <posx>600</posx>
                <top>490</top>
                <width>1200</width>
                <ondown>50</ondown>
                <itemgap>10</itemgap>
                <aligny>bottom</aligny>
                <align>center</align>
                <orientation>horizontal</orientation>
                <onleft>190</onleft>
                <onright>190</onright>
                <onup>195</onup>
                <ondown>101</ondown>
                <control type="button" id="191">
                    <height>150</height>
                    <width>150</width>
                    <label>OK</label>
                    <font>size28</font>
                    <align>center</align>
                    <texturefocus>info/emptyFO.png</texturefocus>
                    <texturenofocus>info/empty.png</texturenofocus>
                </control>
                <control type="button" id="192" description="Play/browse to Show">
                    <height>150</height>
                    <width>150</width>
                    <font>size28</font>
                    <align>center</align>
                    <label>-</label>
                    <texturefocus>info/emptyFO.png</texturefocus>
                    <texturenofocus>info/empty.png</texturenofocus>
                </control>
                <!--control type="button" id="192">
                  <width>250</width>
                  <height>40</height>
                  <label>-</label>
                  <font>size30</font>
                  <align>center</align>
                  <aligny>center</aligny>
                </control-->
                <control type="button" id="193">
                    <height>150</height>
                    <width>150</width>
                    <font>size28</font>
                    <align>center</align>
                    <label>-</label>
                    <texturefocus>info/emptyFO.png</texturefocus>
                    <texturenofocus>info/empty.png</texturenofocus>
                </control>
            </control>
            <control type="grouplist" description="Flags">
                <posx>600</posx>
                <top>420</top>
                <width>1200</width>
                <height>50</height>
                <itemgap>30</itemgap>
                <orientation>horizontal</orientation>
                <align>center</align>
                <control type="image">
                    <height>50</height>
                    <width>130</width>
                    <bordersize>3</bordersize>
                    <aspectratio>keep</aspectratio>
                    <texture>$INFO[Container(100).ListItem.Property(VideoResolution),badges/video/,.png]</texture>
                </control>
                <control type="image">
                    <visible>!IsEmpty(Container(100).ListItem.Property(VideoCodec))</visible>
                    <height>50</height>
                    <width>130</width>
                    <bordersize>3</bordersize>
                    <aspectratio>keep</aspectratio>
                    <texture>$INFO[Container(100).ListItem.Property(VideoCodec),badges/video/,.png]</texture>
                </control>
                <control type="image">
                    <visible>!IsEmpty(Container(100).ListItem.Property(AudioChannels))</visible>
                    <height>50</height>
                    <width>130</width>
                    <bordersize>3</bordersize>
                    <aspectratio>keep</aspectratio>
                    <texture>$INFO[Container(100).ListItem.Property(AudioChannels),badges/,.png]</texture>
                </control>
                <control type="image">
                    <visible>!IsEmpty(Container(100).ListItem.Property(AudioCodec))</visible>
                    <height>50</height>
                    <width>130</width>
                    <bordersize>3</bordersize>
                    <aspectratio>keep</aspectratio>
                    <texture>$INFO[Container(100).ListItem.Property(AudioCodec),badges/audio/,.png]</texture>
                </control>
            </control>

        </control>
    </controls>
</window>
