<?xml version="1.0" encoding="UTF-8"?>
<window id="34">
    <defaultcontrol always="true">2</defaultcontrol>
    <allowoverlay>no</allowoverlay>
    <backgroundcolor>0xffffffff</backgroundcolor>
    <include>OpenClose</include>
    <controls>
        <include>BlackBackground</include>
        <include>WindowsTopInfos</include>
        <include>Linemiddle</include>
        <control type="togglebutton" id="4" description="Toggle Login Screen">
            <posx>960</posx>
            <top>80</top>
            <height>81</height>
            <width>960</width>
            <label>$LOCALIZE[20096]:  $LOCALIZE[1223]</label>
            <altlabel>$LOCALIZE[20096]:  $LOCALIZE[305]</altlabel>
            <align>left</align>
            <onright>-</onright>
            <onleft>-</onleft>
            <onup>-</onup>
            <ondown>2</ondown>
            <font>size36</font>
            <textoffsetx>90</textoffsetx>
            <texturefocus colordiffuse="$VAR[diffuseselect]">images/buttonselect1.png</texturefocus>
        </control>
        <control type="group" description="List" id="575">
            <posx>960</posx>
            <top>160</top>
            <control type="list" id="2">
                <posx>0</posx>
                <top>0</top>
                <width>900</width>
                <height>730</height>
                <onleft>noop</onleft>
                <onright>noop</onright>
                <onup>4</onup>
                <ondown>-</ondown>
                <pagecontrol>60</pagecontrol>
                <scrolltime>280</scrolltime>
                <itemlayout height="81">
                    <control type="image">
                        <width>80</width>
                        <height>80</height>
                        <aspectratio>keep</aspectratio>
                        <info>ListItem.Icon</info>
                    </control>
                    <control type="label" description="Main Label">
                        <posx>90</posx>
                        <height>81</height>
                        <width>900</width>
                        <aligny>center</aligny>
                        <font>size36</font>
                        <textcolor>White</textcolor>
                        <label>$INFO[ListItem.Label]</label>
                    </control>
                    <include>listline</include>
                </itemlayout>
                <focusedlayout height="81">
                    <include>SmallSelector</include>
                    <control type="image">
                        <width>80</width>
                        <height>80</height>
                        <aspectratio>keep</aspectratio>
                        <info>ListItem.Icon</info>
                    </control>
                    <control type="label" description="Main Label">
                        <posx>90</posx>
                        <height>81</height>
                        <width>900</width>
                        <aligny>center</aligny>
                        <font>size36</font>
                        <textcolor>black</textcolor>
                        <label>$INFO[ListItem.Label]</label>
                    </control>
                    <include>listline</include>
                </focusedlayout>
            </control>
        </control>
        <include>User</include>
        <control type="image">
            <posx>180</posx>
            <top>200</top>
            <width>600</width>
            <height>700</height>
            <texture fallback="def_user.png">$INFO[Container(2).ListItem.Icon]</texture>
            <aspectratio>keep</aspectratio>
        </control>
        <control type="image">
            <top>100</top>
            <posx>959</posx>
            <width>1</width>
            <height>1080</height>
            <texture>images/lineV.png</texture>
        </control>
        <control type="image">
            <posx>80</posx>
            <top>100</top>
            <width>800</width>
            <height>1</height>
            <texture>images/line.png</texture>
        </control>
        <control type="image">
            <posx>80</posx>
            <top>181</top>
            <width>800</width>
            <height>1</height>
            <texture>images/line.png</texture>
        </control>
    </controls>
</window>
