<?xml version="1.0" encoding="UTF-8"?>
<includes>

    <include name="ShelfTitle">
        <posx>30</posx>
        <top>20</top>
        <height>45</height>
        <width>750</width>
        <align>left</align>
        <aligny>center</aligny>
        <font>size27</font>
	<textcolor>black</textcolor>
    </include>
    
    
    <include name="FAV01">
         <control type="group">
            <visible>[Container(9000).HasFocus(602)]</visible>
             <control type="image">
                <posx>0</posx>
                <top>0</top>
                <width>1920</width>
                <height>499</height>
                <texture background="true">images/movies_banner.jpg</texture>
            </control>           
        </control>
    </include>


    <include name="FAV02">
         <control type="group">
            <visible>[Container(9000).HasFocus(603)]</visible>
             <control type="image">
                <posx>0</posx>
                <top>0</top>
                <width>1920</width>
                <height>499</height>
                <texture background="true">images/Series_banner.jpg</texture>
            </control>           
        </control>
    </include>

    <include name="FAV03">
         <control type="group">
            <visible>[Container(9000).HasFocus(604)]</visible>
             <control type="image">
                <posx>0</posx>
                <top>0</top>
                <width>1920</width>
                <height>499</height>
                <texture background="true">images/Sport_banner.jpg</texture>
            </control>           
        </control>
    </include>

    <include name="FAV04">
         <control type="group">
            <visible>[Container(9000).HasFocus(605)]</visible>
             <control type="image">
                <posx>0</posx>
                <top>0</top>
                <width>1920</width>
                <height>499</height>
                <texture background="true">images/KidsZone_banner.jpg</texture>
            </control>           
        </control>
    </include>

    <include name="FAV05">
         <control type="group">
            <visible>[Container(9000).HasFocus(606)]</visible>
             <control type="image">
                <posx>0</posx>
                <top>0</top>
                <width>1920</width>
                <height>499</height>
                <texture background="true">images/LiveTV_banner.jpg</texture>
            </control>           
        </control>
    </include>

    <include name="FAV06">
         <control type="group">
            <visible>[Container(9000).HasFocus(607)]</visible>
             <control type="image">
                <posx>0</posx>
                <top>0</top>
                <width>1920</width>
                <height>499</height>
                <texture background="true">images/Muziek_banner.jpg</texture>
            </control>           
        </control>
    </include>

    <include name="FAV07">
         <control type="group">
            <visible>[Container(9000).HasFocus(608)]</visible>
             <control type="image">
                <posx>0</posx>
                <top>0</top>
                <width>1920</width>
                <height>499</height>
                <texture background="true">images/xxx_banner.jpg</texture>
            </control>           
        </control>
    </include>

    <include name="FAV08">
         <control type="group">
            <visible>[Container(9000).HasFocus(609)]</visible>
             <control type="image">
                <posx>0</posx>
                <top>0</top>
                <width>1920</width>
                <height>499</height>
                <texture background="true">images/Uitzendinggemist_banner.jpg</texture>
            </control>           
        </control>
    </include>

    <include name="FAV09">
         <control type="group">
            <visible>[Container(9000).HasFocus(610)]</visible>
             <control type="image">
                <posx>0</posx>
                <top>0</top>
                <width>1920</width>
                <height>499</height>
                <texture background="true">images/Meer_banner.jpg</texture>
            </control>           
        </control>
    </include>



    <include name="SETBACK">
         <control type="group">
            <visible>[Container(9000).HasFocus(348)]</visible>
             <control type="image">
                <posx>0</posx>
                <top>0</top>
                <width>1920</width>
                <height>499</height>
                <texture background="true">images/instellingen_banner.jpg</texture>
            </control>           
        </control>
    </include>



    <include name="EXITBACK">
         <control type="group">
            <visible>[Container(9000).HasFocus(349)]</visible>
             <control type="image">
                <posx>0</posx>
                <top>0</top>
                <width>1920</width>
                <height>499</height>
                <texture background="true">images/Uit_banner.jpg</texture>
            </control>           
        </control>
    </include>



   <include name="weather_shelf">
         <control type="group">
                 <visible>[Container(9000).HasFocus(345)]</visible>
               <control type="image">
                <posx>0</posx>
                <top>0</top>
                <width>1920</width>
                <height>499</height>
                <texture background="true">images/weer_banner.jpg</texture>
            </control>           
        </control>
    </include>




    



</includes>
