<?xml version="1.0" encoding="UTF-8"?>
<window>
    <defaultcontrol always="true">575</defaultcontrol>
    <allowoverlay>no</allowoverlay>
    <backgroundcolor>background</backgroundcolor>
    <include>OpenClose</include>
    <controls>
        <include>BlackBackground</include>
        <include>WindowsTopInfos</include>
        <control type="group">
            <posx>960</posx>
            <top>80</top>
            <control type="grouplist" id="575">
                <width>960</width>
                <height>980</height>
                <onleft>noop</onleft>
                <onright>noop</onright>
                <itemgap>0</itemgap>
                <onup>575</onup>
                <ondown>575</ondown>
                <pagecontrol>60</pagecontrol>
        
                
                <control type="radiobutton" id="9">
                    <label>$LOCALIZE[31047]</label>
                    <onclick>Skin.ToggleSetting(HideClock)</onclick>
                    <selected>!Skin.HasSetting(HideClock)</selected>
                </control>
         
                <control type="radiobutton" id="13">
                    <label>31061</label>
                    <onclick>Skin.ToggleSetting(hideconnection)</onclick>
                    <selected>!Skin.HasSetting(hideconnection)</selected>
                </control>
                

      <control type="radiobutton" id="14">
                    <label>Aan/Uitzetten XXX</label>
                    <onclick>Skin.ToggleSetting(hideprog)</onclick>
                    <selected>!Skin.HasSetting(hideprog)</selected>
                </control>
                




	   <control type="button" id="25"> 
	  <width>auto</width>
                    <align>left</align>
                    <texturefocus colordiffuse="$VAR[diffuseselect]">images/buttonselect1.png</texturefocus>
                 
                        <label>Onderhoud: Cache verwijderen</label>
			<onclick>RunScript(special://skin/resources/cache.py)</onclick>
                  </control>

	 <control type="button" id="26">
  <width>auto</width>
                    <align>left</align>
                    <texturefocus colordiffuse="$VAR[diffuseselect]">images/buttonselect1.png</texturefocus>

                         <label>Onderhoud: Installatie packages verwijderen</label>
			<onclick>RunScript(special://skin/resources/packages.py)</onclick>
                 </control>





	 <control type="button" id="27">
  <width>auto</width>
                    <align>left</align>
                    <texturefocus colordiffuse="$VAR[diffuseselect]">images/buttonselect1.png</texturefocus>

                         <label>Update STREAMBOXIII (Versie: 01/18/2015)</label>
			<onclick>RunScript(special://skin/resources/update.py)</onclick>
                 </control>



            </control>
        </control>
        <include>Linemiddle</include>
        <control type="group" description="Left panel">
            <top>80</top>
            <control type="image" description="Network">
                <centerleft>460</centerleft>
                <visible>Controlgroup(575).HasFocus(13)</visible>
                <include>Help_Panel</include>
                <colordiffuse>silver</colordiffuse>
                <texture>help/wireless.png</texture>
            </control>
            <control type="image" description="NetworkOFF">
                <centerleft>460</centerleft>
                <visible>Controlgroup(575).HasFocus(13) + Skin.HasSetting(hideconnection)</visible>
                <include>Help_Panel</include>
                <texture>help/off.png</texture>
            </control>
            <control type="image" description="ColorMenu">
                <centerleft>460</centerleft>
                <visible>Controlgroup(575).HasFocus(5)</visible>
                <include>Help_Panel</include>
                <texture>help/colormenu.png</texture>
            </control>
            <control type="image" description="ColorMenuOff">
                <centerleft>460</centerleft>
                <visible>Controlgroup(575).HasFocus(5) + Skin.HasSetting(colormenu)</visible>
                <include>Help_Panel</include>
                <texture>help/off.png</texture>
            </control>
            <control type="image" description="Logo">
                <centerleft>460</centerleft>
                <visible>Controlgroup(575).HasFocus(1)</visible>
                <include>Help_Panel</include>
                <texture>DefaultAddon.png</texture>
            </control>
            <control type="image" description="ScrollBars">
                <centerleft>460</centerleft>
                <visible>Controlgroup(575).HasFocus(2)</visible>
                <include>Help_Panel</include>
                <texture>help/scrollbars.png</texture>
            </control>
            <control type="image" description="ScrollBars">
                <centerleft>460</centerleft>
                <visible>Controlgroup(575).HasFocus(2) + Skin.HasSetting(Scrollbars_Passive)</visible>
                <include>Help_Panel</include>
                <texture>help/off.png</texture>
            </control>
            <control type="image" description="Menuviews">
                <centerleft>460</centerleft>
                <visible>Controlgroup(575).HasFocus(3)</visible>
                <include>Help_Panel</include>
                <texture>help/optionsmenu.png</texture>
            </control>
            <control type="image" description="Menuviews">
                <centerleft>460</centerleft>
                <visible>Controlgroup(575).HasFocus(3) + Skin.HasSetting(ViewsMenuOff)</visible>
                <include>Help_Panel</include>
                <texture>help/off.png</texture>
            </control>
            <control type="image" description="shelf cinema">
                <centerleft>460</centerleft>
                <visible>Controlgroup(575).HasFocus(4)</visible>
                <include>Help_Panel</include>
                <texture>help/shelf.png</texture>
            </control>
            <control type="image" description="HomePageCustomizer">
                <centerleft>460</centerleft>
                <visible>Controlgroup(575).HasFocus(6)</visible>
                <include>Help_Panel</include>
                <texture>help/homemenu.png</texture>
            </control>
            <control type="image" description="HomePageCustomizer">
                <centerleft>460</centerleft>
                <visible>Controlgroup(575).HasFocus(6)</visible>
                <include>Help_Panel</include>
                <texture>help/homemenu.png</texture>
            </control>
            <control type="image" description="quits">
                <centerleft>460</centerleft>
                <visible>Controlgroup(575).HasFocus(8)</visible>
                <include>Help_Panel</include>
                <texture>help/menu$INFO[Skin.String(shutdown)].png</texture>
            </control>
            <control type="image" description="clock">
                <centerleft>460</centerleft>
                <visible>Controlgroup(575).HasFocus(9)</visible>
                <include>Help_Panel</include>
                <texture>help/clock.png</texture>
            </control>
            <control type="image" description="clock">
                <centerleft>460</centerleft>
                <visible>Controlgroup(575).HasFocus(9) + Skin.HasSetting(HideClock)</visible>
                <include>Help_Panel</include>
                <texture>help/off.png</texture>
            </control>
            <control type="image" description="reset">
                <centerleft>460</centerleft>
                <visible>Controlgroup(575).HasFocus(15)</visible>
                <include>Help_Panel</include>
                <texture>help/warning.png</texture>
            </control>
            <control type="image" description="MUSIC">
                <centerleft>460</centerleft>
                <visible>Controlgroup(575).HasFocus(10)</visible>
                <include>Help_Panel</include>
                <colordiffuse>silver</colordiffuse>
                <texture>icons/music.png</texture>
            </control>
            <control type="image" description="custom BKGRND">
                <centerleft>460</centerleft>
                <visible>Controlgroup(575).HasFocus(11)</visible>
                <include>Help_Panel</include>
                <texture>$VAR[bgimg]</texture>
            </control>
            <control type="image" description="icon shelf">
                <centerleft>460</centerleft>
                <visible>Controlgroup(575).HasFocus(12)</visible>
                <include>Help_Panel</include>
                <texture>$VAR[ShelfLogo]</texture>
            </control>
        </control>
        <control type="image" description="Line">
            <posx>150</posx>
            <top>540</top>
            <height>1</height>
            <width>660</width>
            <texture>lines/Line.png</texture>
        </control>
        <control type="textbox" description="HelpDetails">
            <posx>170</posx>
            <top>560</top>
            <width>660</width>
            <height>380</height>
            <font>size33</font>
            <align>justify</align>
            <label>$VAR[helptext]</label>
        </control>
        <control type="label" description="HelpDetails">
            <include>VisibleFade</include>
            <visible>Controlgroup(575).HasFocus(12) + Skin.HasSetting(CustomImage)</visible>
            <top>500</top>
            <width>960</width>
            <height>25</height>
            <font>size21</font>
            <align>center</align>
            <textcolor>black</textcolor>
            <label>$VAR[ShelfLogo]</label>
        </control>
        <control type="label" description="HelpDetails">
            <include>VisibleFade</include>
            <visible>Controlgroup(575).HasFocus(11) + Skin.HasSetting(CustomBg)</visible>
            <top>500</top>
            <width>960</width>
            <height>25</height>
            <font>size21</font>
            <align>center</align>
            <textcolor>black</textcolor>
            <label>$VAR[bgimg]</label>
        </control>
    </controls>
</window>
