<?xml version="1.0" encoding="UTF-8"?>
<window id="129">
    <defaultcontrol always="true">22</defaultcontrol>
    <allowoverlay>no</allowoverlay>
    <backgroundcolor>0xffffffff</backgroundcolor>


    <include>OpenClose</include>
    <controls>
        <include>BlackBackground</include>
        <control type="label" id="2" description="Header label">
            <include>Heading</include>
            <label>21432</label>
        </control>
        <control type="group">
            <posx>390</posx>
            <top>15</top>
            <visible>!Window.IsVisible(smartplaylistrule)</visible>
            <control type="spincontrolex" id="22">
                <description>Set Playlist type</description>
                <posx>15</posx>
                <top>105</top>
                <width>1110</width>
                <label>467</label>
                <onright>22</onright>
                <onleft>22</onleft>
                <onup>9001</onup>
                <ondown>12</ondown>
                <texturenofocus border="8">images/white.png</texturenofocus>
            </control>
            <control type="label">
                <description>Name Label</description>
                <posx>45</posx>
                <top>174</top>
                <width>1110</width>
                <label>21433</label>
            </control>
            <control type="edit" id="12">
                <description>Name Button</description>
                <posx>15</posx>
                <top>246</top>
                <width>1110</width>
                <height>63</height>
                <font>size33</font>
                <align>left</align>
                <aligny>center</aligny>
                <focusedcolor>White</focusedcolor>
                <selectedcolor>White</selectedcolor>
                <label>-</label>
                <textoffsetx>20</textoffsetx>
                <pulseonselect>false</pulseonselect>
                <onup>22</onup>
                <onleft>12</onleft>
                <onright>12</onright>
                <ondown>10</ondown>
                <texturefocus flipy="true" border="8">images/Buttonselect.png</texturefocus>
            </control>
            <control type="label">
                <description>Find items where</description>
                <posx>45</posx>
                <top>312</top>
                <width>1110</width>
                <align>left</align>
                <label>21434</label>
                <height>63</height>
            </control>
            <control type="group">
                <top>6</top>
                <control type="list" id="10">
                    <description>Rules List Control</description>
                    <posx>15</posx>
                    <top>381</top>
                    <width>840</width>
                    <height>207</height>
                    <onup>12</onup>
                    <onleft>8999</onleft>
                    <onright>8999</onright>
                    <ondown>16</ondown>
                    <itemlayout width="840" height="63">
                        <control type="image">
                            <posx>0</posx>
                            <top>0</top>
                            <width>840</width>
                            <height>63</height>
                        </control>
                        <control type="label">
                            <posx>30</posx>
                            <top>0</top>
                            <width>780</width>
                            <height>63</height>
                            <info>ListItem.Label</info>
                        </control>
                    </itemlayout>
                    <focusedlayout width="840" height="63">
                        <control type="image">
                            <posx>0</posx>
                            <top>0</top>
                            <width>840</width>
                            <height>63</height>
                            <texture border="8">images/Buttonselect.png</texture>
                            <animation effect="fade" start="100" end="50" condition="!Control.HasFocus(10)">Conditional</animation>
                        </control>
                        <control type="label">
                            <posx>30</posx>
                            <top>0</top>
                            <height>63</height>
                            <width>780</width>
                            <info>ListItem.Label</info>
                        </control>
                    </focusedlayout>
                </control>
                <control type="group" id="8999">
                    <control type="button" id="13">
                        <description>Add Rule Button</description>
                        <posx>870</posx>
                        <top>381</top>
                        <width>255</width>
                        <label>15019</label>
                        <onup>17</onup>
                        <onleft>10</onleft>
                        <onright>10</onright>
                        <ondown>14</ondown>
                        <texturenofocus border="8">images/white.png</texturenofocus>
                    </control>
                    <control type="button" id="14">
                        <description>Remove Rule Button</description>
                        <posx>870</posx>
                        <top>459</top>
                        <width>255</width>
                        <label>1210</label>
                        <onup>13</onup>
                        <onleft>10</onleft>
                        <onright>10</onright>
                        <ondown>15</ondown>
                        <texturenofocus border="8">images/white.png</texturenofocus>
                    </control>
                    <control type="button" id="15">
                        <description>Edit Rule Button</description>
                        <posx>870</posx>
                        <top>537</top>
                        <width>255</width>
                        <label>21435</label>
                        <onup>14</onup>
                        <onleft>10</onleft>
                        <onright>10</onright>
                        <ondown>16</ondown>
                        <texturenofocus border="8">images/white.png</texturenofocus>
                    </control>
                </control>
                <control type="label">
                    <description>Playlist options</description>
                    <posx>45</posx>
                    <top>624</top>
                    <width>1110</width>
                    <label>31025</label>
                </control>
            </control>
            <control type="group">
                <top>38</top>
                <control type="spincontrolex" id="16">
                    <posx>15</posx>
                    <top>657</top>
                    <width>1110</width>
                    <label>21424</label>
                    <onright>16</onright>
                    <onleft>16</onleft>
                    <onup>10</onup>
                    <ondown>17</ondown>
                    <texturenofocus border="8">images/white.png</texturenofocus>
                </control>
                <control type="spincontrolex" id="17">
                    <posx>15</posx>
                    <top>735</top>
                    <width>1110</width>
                    <label>21427</label>
                    <onright>17</onright>
                    <onleft>17</onleft>
                    <onup>16</onup>
                    <ondown>18</ondown>
                    <texturenofocus border="8">images/white.png</texturenofocus>
                </control>
                <control type="spincontrolex" id="18">
                    <posx>15</posx>
                    <top>813</top>
                    <width>854</width>
                    <label>21429</label>
                    <onright>19</onright>
                    <onleft>19</onleft>
                    <onup>17</onup>
                    <ondown>9001</ondown>
                    <texturenofocus border="8">images/white.png</texturenofocus>
                </control>
                <control type="togglebutton" id="19">
                    <posx>872</posx>
                    <top>813</top>
                    <width>254</width>
                    <label>21431</label>
                    <altlabel>21430</altlabel>
                    <onright>18</onright>
                    <onleft>18</onleft>
                    <onup>17</onup>
                    <ondown>9001</ondown>
                    <texturenofocus border="8">images/white.png</texturenofocus>
                    <alttexturenofocus border="4">images/white.png</alttexturenofocus>
                </control>
            </control>
            <control type="group" id="9001">
                <top>45</top>
                <control type="button" id="20">
                    <description>Ok Button</description>
                    <posx>248</posx>
                    <top>894</top>
                    <width>300</width>
                    <label>186</label>
                    <onup>18</onup>
                    <onleft>21</onleft>
                    <onright>21</onright>
                    <ondown>22</ondown>
                    <texturenofocus border="8">images/white.png</texturenofocus>
                </control>
                <control type="button" id="21">
                    <description>Cancel Button</description>
                    <posx>592</posx>
                    <top>894</top>
                    <width>300</width>
                    <label>222</label>
                    <onup>18</onup>
                    <onleft>20</onleft>
                    <onright>20</onright>
                    <ondown>22</ondown>
                    <texturenofocus border="8">images/white.png</texturenofocus>
                </control>
            </control>
        </control>
    </controls>
</window>
