<?xml version="1.0" encoding="UTF-8"?>
<window id="2005">
    <defaultcontrol>-</defaultcontrol>
    <onunload>Dialog.close(all,true)</onunload>
    <controls>
        <control type="group" >
            <visible>!Window.IsActive(DialogFullscreenInfo.xml)</visible>
            <animation effect="fade" time="200">VisibleChange</animation>
            <control type="image" description="Background">
                <width>1920</width>
                <height>300</height>
                <texture>images/white.png</texture>
                <colordiffuse>BBFFFFFF</colordiffuse>
            </control>
            <control type="grouplist" id="0">
                <posx>60</posx>
                <top>90</top>
                <width>1800</width>
                <height>500</height>
                <itemgap>10</itemgap>
                <control type="label" id="10" description="row 1 sys label">
                    <width>1800</width>
                    <height>50</height>
                    <align>left</align>
                    <font>Size22</font>
                    <aligny>center</aligny>
                    <label>-</label>
                </control>
                <control type="label" id="11" description="row 2 sys label">
                    <width>1800</width>
                    <height>50</height>
                    <align>left</align>
                    <aligny>center</aligny>
                    <font>Size22</font>
                    <label>-</label>
                </control>
                <control type="label" id="12" description="row 3 sys label">
                    <width>1800</width>
                    <height>90</height>
                    <align>left</align>
                    <aligny>center</aligny>
                    <font>Size22</font>
                    <label>-</label>
                </control>
            </control>
        </control>
        <control type="image" id="1">
            <visible>Player.Paused</visible>
            <centertop>540</centertop>
            <centerleft>960</centerleft>
            <width>600</width>
            <height>600</height>
            <texture>Seekbar/OSDPauseFO.png</texture>
            <colordiffuse>AAFFFFFF</colordiffuse>
        </control>
    </controls>
</window>
